Filename,Strategy,DeckConfig,BestModel,R_Squared,Adj_R_Squared,RMSE,AIC,BIC,Equation
ev_per_tc_HiLoStrategy_2deck_30pen_H17_DAS_NoRAS_NoSurrender_3to2.csv,HiLoStrategy,2deck,Cubic Spline,0.999361305887874,0.9989648750596578,0.007451193168185969,202.3549744168594,236.03659261320144,"Cubic Spline with 14 knots at TC=[-12.0, -9.0, -7.5, -6.0, -4.5, -3.0, -1.5, 0.0, 1.0, 1.5, 3.0, 4.5, 6.0, 11.5]"
ev_per_tc_HiLoStrategy_2deck_35pen_H17_DAS_NoRAS_NoSurrender_3to2.csv,HiLoStrategy,2deck,Cubic Spline,0.999384463806742,0.9990854890843023,0.00674584723589704,229.90989817182393,263.40486070221,"Cubic Spline with 13 knots at TC=[-13.0, -6.5, -3.0, 0.0, 0.5, 1.0, 2.0, 3.0, 3.5, 5.0, 6.5, 10.0, 13.0]"
ev_per_tc_HiLoStrategy_2deck_40pen_H17_DAS_NoRAS_NoSurrender_3to2.csv,HiLoStrategy,2deck,Cubic Spline,0.9994029852361013,0.9992086083362273,0.009632163413755595,254.13667302106103,282.9828751687109,"Cubic Spline with 10 knots at TC=[-14.5, -7.0, -5.0, -3.5, 0.0, 1.0, 2.0, 3.5, 7.0, 14.0]"
ev_per_tc_HiLoStrategy_2deck_45pen_H17_DAS_NoRAS_NoSurrender_3to2.csv,HiLoStrategy,2deck,Cubic Spline,0.999708684529962,0.9995799637408754,0.008230736032589666,252.49007919436156,293.2096389958007,"Cubic Spline with 15 knots at TC=[-15.0, -11.0, -7.0, -5.0, -4.0, -3.0, -1.0, 0.0, 0.5, 2.5, 3.0, 3.5, 4.5, 8.5, 16.0]"
ev_per_tc_HiLoStrategy_2deck_50pen_H17_DAS_NoRAS_NoSurrender_3to2.csv,HiLoStrategy,2deck,Cubic Spline,0.9994542820767554,0.9993014810582469,0.005163791631522352,305.7624960050947,336.20391778363364,"Cubic Spline with 10 knots at TC=[-15.0, -7.0, -3.0, 1.0, 2.0, 3.0, 4.0, 5.0, 9.0, 17.5]"
ev_per_tc_HiLoStrategy_2deck_55pen_H17_DAS_NoRAS_NoSurrender_3to2.csv,HiLoStrategy,2deck,Cubic Spline,0.9994708594654704,0.9993480232699546,0.007810389991912761,338.5455876898862,367.7760258365279,"Cubic Spline with 9 knots at TC=[-15.0, -6.0, -1.5, 0.5, 2.5, 5.0, 7.0, 11.0, 20.0]"
ev_per_tc_HiLoStrategy_2deck_60pen_H17_DAS_NoRAS_NoSurrender_3to2.csv,HiLoStrategy,2deck,Cubic Spline,0.999504291827949,0.9994017315164901,0.004217853857631282,351.62297793001534,378.77513645451114,"Cubic Spline with 8 knots at TC=[-15.0, -6.0, -1.5, 2.5, 5.0, 7.0, 11.5, 20.0]"
ev_per_tc_HiLoStrategy_2deck_65pen_H17_DAS_NoRAS_NoSurrender_3to2.csv,HiLoStrategy,2deck,Cubic Spline,0.9997697609622404,0.9997069684973968,0.0023832115939533024,319.51602141487353,353.45621957049326,"Cubic Spline with 11 knots at TC=[-15.0, -6.0, -1.5, -0.5, 0.5, 2.5, 4.0, 5.0, 7.0, 11.5, 20.0]"
ev_per_tc_HiLoStrategy_2deck_70pen_H17_DAS_NoRAS_NoSurrender_3to2.csv,HiLoStrategy,2deck,Cubic Spline,0.9997848673592282,0.9997103983681919,0.0010872369080089364,335.5411956260439,376.2694334127875,"Cubic Spline with 14 knots at TC=[-15.0, -6.0, -3.5, -2.5, -1.5, -1.0, -0.5, 0.0, 0.5, 2.5, 5.0, 7.0, 11.5, 20.0]"
ev_per_tc_HiLoStrategy_2deck_75pen_H17_DAS_NoRAS_NoSurrender_3to2.csv,HiLoStrategy,2deck,Cubic Spline,0.9997979647125056,0.9997226966642233,0.0011662626866771977,347.06390740050233,390.05482506428734,"Cubic Spline with 15 knots at TC=[-15.0, -10.5, -8.0, -6.0, -3.5, -1.5, -1.0, -0.5, 0.0, 0.5, 2.5, 5.0, 7.0, 11.5, 20.0]"
ev_per_tc_HiLoStrategy_2deck_80pen_H17_DAS_NoRAS_NoSurrender_3to2.csv,HiLoStrategy,2deck,Cubic Spline,0.9998115200313421,0.9997462769652682,0.0008743949710554766,355.37646982562,396.10470761236365,"Cubic Spline with 14 knots at TC=[-15.0, -10.5, -6.0, -3.5, -1.5, -1.0, -0.5, 0.0, 0.5, 2.5, 5.0, 7.0, 11.5, 20.0]"
ev_per_tc_HiLoStrategy_6deck_30pen_H17_DAS_NoRAS_NoSurrender_3to2.csv,HiLoStrategy,6deck,Cubic Spline,0.9995884318924099,0.9987195658874973,0.006415550857721552,99.81992869145878,125.79854946120179,"Cubic Spline with 15 knots at TC=[-7.0, -6.0, -5.0, -3.5, 0.0, 0.5, 1.0, 1.5, 2.0, 3.0, 3.5, 4.5, 5.5, 6.5, 7.0]"
ev_per_tc_HiLoStrategy_6deck_35pen_H17_DAS_NoRAS_NoSurrender_3to2.csv,HiLoStrategy,6deck,Cubic Spline,0.9992452187594001,0.9987420312656669,0.006003238575232103,119.2953870142224,136.50323346804416,"Cubic Spline with 8 knots at TC=[-7.5, 0.0, 2.0, 2.5, 3.0, 3.5, 4.0, 7.5]"
ev_per_tc_HiLoStrategy_6deck_40pen_H17_DAS_NoRAS_NoSurrender_3to2.csv,HiLoStrategy,6deck,Cubic Spline,0.9992484188362402,0.9987223120216082,0.005160421352016335,143.2633493837481,165.0382222445999,"Cubic Spline with 10 knots at TC=[-8.5, -4.0, -2.0, 0.0, 2.5, 3.0, 3.5, 4.0, 4.5, 8.5]"
ev_per_tc_HiLoStrategy_6deck_45pen_H17_DAS_NoRAS_NoSurrender_3to2.csv,HiLoStrategy,6deck,Cubic Spline,0.9998140277735498,0.9996634788283282,0.0037334166416006626,117.78639331393589,146.06694129813988,"Cubic Spline with 13 knots at TC=[-9.5, -7.0, -4.5, -3.0, -2.0, 0.0, 1.5, 2.5, 3.0, 3.5, 4.0, 5.0, 9.5]"
ev_per_tc_HiLoStrategy_6deck_50pen_H17_DAS_NoRAS_NoSurrender_3to2.csv,HiLoStrategy,6deck,Cubic Spline,0.9996290888578699,0.9994230271122422,0.007119737459760935,160.52300197080336,186.9410037062068,"Cubic Spline with 11 knots at TC=[-10.5, -5.0, -2.5, 0.0, 1.5, 2.5, 3.0, 4.0, 4.5, 5.5, 10.5]"
ev_per_tc_HiLoStrategy_6deck_55pen_H17_DAS_NoRAS_NoSurrender_3to2.csv,HiLoStrategy,6deck,Cubic Spline,0.9996312871016747,0.9994528776347431,0.007913278019418643,182.5629015051721,210.315115530823,"Cubic Spline with 11 knots at TC=[-11.5, -5.5, -2.5, 0.0, 1.5, 2.5, 3.0, 4.0, 4.5, 6.0, 11.5]"
ev_per_tc_HiLoStrategy_6deck_60pen_H17_DAS_NoRAS_NoSurrender_3to2.csv,HiLoStrategy,6deck,Cubic Spline,0.9996192904749731,0.9994790290710158,0.011307198922636728,210.57122484983745,238.15531163956717,"Cubic Spline with 10 knots at TC=[-13.0, -6.5, 0.0, 2.0, 3.0, 3.5, 4.5, 5.0, 6.5, 13.0]"
ev_per_tc_HiLoStrategy_6deck_65pen_H17_DAS_NoRAS_NoSurrender_3to2.csv,HiLoStrategy,6deck,Cubic Spline,0.9998102988057636,0.9997529472819247,0.003827113574899272,192.65316856910917,219.21283505095832,"Cubic Spline with 9 knots at TC=[-14.0, 0.0, 2.0, 3.0, 3.5, 4.5, 5.5, 7.0, 14.0]"
ev_per_tc_HiLoStrategy_6deck_70pen_H17_DAS_NoRAS_NoSurrender_3to2.csv,HiLoStrategy,6deck,Cubic Spline,0.9996171762111008,0.9994923423668945,0.007034797351541431,265.8587914709492,297.7658072466256,"Cubic Spline with 11 knots at TC=[-15.0, -7.0, 0.5, 1.5, 2.5, 3.0, 3.5, 4.5, 6.5, 8.0, 15.5]"
ev_per_tc_HiLoStrategy_6deck_75pen_H17_DAS_NoRAS_NoSurrender_3to2.csv,HiLoStrategy,6deck,Cubic Spline,0.9996183239540699,0.9995319067361235,0.007000745000266858,287.27116938358625,313.54702628790335,"Cubic Spline with 8 knots at TC=[-15.0, 1.5, 3.5, 4.0, 4.5, 5.5, 9.5, 17.5]"
ev_per_tc_HiLoStrategy_6deck_80pen_H17_DAS_NoRAS_NoSurrender_3to2.csv,HiLoStrategy,6deck,Cubic Spline,0.9998077604251818,0.9997508005511616,0.004380460977672942,279.4363841959714,315.63926222863245,"Cubic Spline with 12 knots at TC=[-15.0, -6.0, -1.5, 0.5, 1.5, 2.5, 3.5, 4.0, 5.0, 7.0, 11.5, 20.0]"
ev_per_tc_HiLoStrategy_8deck_30pen_H17_DAS_NoRAS_NoSurrender_3to2.csv,HiLoStrategy,8deck,LOWESS (frac=0.2),0.9972198007144688,0.9964881693235396,0.0008583314496209495,113.0816760196959,119.17605514403691,LOWESS with fraction=0.2
ev_per_tc_HiLoStrategy_8deck_35pen_H17_DAS_NoRAS_NoSurrender_3to2.csv,HiLoStrategy,8deck,Cubic Spline,0.9994654393923154,0.9987526919154025,0.004028479832030867,111.28155454651369,133.15828782629728,"Cubic Spline with 12 knots at TC=[-7.0, -5.0, -3.5, -1.5, 0.0, 1.0, 2.0, 3.0, 3.5, 4.5, 5.5, 7.0]"
ev_per_tc_HiLoStrategy_8deck_40pen_H17_DAS_NoRAS_NoSurrender_3to2.csv,HiLoStrategy,8deck,Cubic Spline,0.9994994558548033,0.9987486396370082,0.006379709894099055,127.66400289309533,153.47577257382795,"Cubic Spline with 14 knots at TC=[-7.5, -5.5, -4.5, -3.5, -3.0, -2.5, -1.5, 0.0, 2.0, 2.5, 3.0, 3.5, 4.0, 7.5]"
ev_per_tc_HiLoStrategy_8deck_45pen_H17_DAS_NoRAS_NoSurrender_3to2.csv,HiLoStrategy,8deck,Cubic Spline,0.9994976799822014,0.9990511732997137,0.007324666053511329,143.30454094215372,168.19010992598433,"Cubic Spline with 12 knots at TC=[-8.5, -6.0, -4.0, 0.0, 1.5, 2.0, 2.5, 3.0, 3.5, 4.5, 6.5, 8.5]"
ev_per_tc_HiLoStrategy_8deck_50pen_H17_DAS_NoRAS_NoSurrender_3to2.csv,HiLoStrategy,8deck,Cubic Spline,0.9997530699006966,0.9995847084693533,0.002862825923428941,132.28011429629856,156.84390669219437,"Cubic Spline with 11 knots at TC=[-9.5, -4.5, 0.0, 1.0, 1.5, 2.5, 3.0, 3.5, 4.0, 4.5, 9.0]"
ev_per_tc_HiLoStrategy_8deck_55pen_H17_DAS_NoRAS_NoSurrender_3to2.csv,HiLoStrategy,8deck,Cubic Spline,0.9998788695265931,0.9997692752887488,0.00265243664140802,128.7727449903604,161.33061425774224,"Cubic Spline with 15 knots at TC=[-10.0, -8.5, -7.5, -6.0, -5.0, -2.5, 0.0, 2.5, 3.0, 3.5, 4.0, 5.0, 7.5, 9.0, 10.0]"
ev_per_tc_HiLoStrategy_8deck_60pen_H17_DAS_NoRAS_NoSurrender_3to2.csv,HiLoStrategy,8deck,Cubic Spline,0.9995016368329912,0.9992266778442966,0.008217083135258433,207.24010536286534,236.49836770669086,"Cubic Spline with 12 knots at TC=[-11.5, -5.5, 0.0, 1.0, 1.5, 2.5, 3.0, 3.5, 4.0, 4.5, 5.5, 11.0]"
ev_per_tc_HiLoStrategy_8deck_65pen_H17_DAS_NoRAS_NoSurrender_3to2.csv,HiLoStrategy,8deck,Cubic Spline,0.9997449916942499,0.9996249877856617,0.004436169435151332,200.44896436789875,231.35817449148797,"Cubic Spline with 12 knots at TC=[-12.5, -6.0, -3.0, 0.0, 1.0, 2.0, 3.0, 3.5, 4.5, 5.0, 6.5, 12.5]"
ev_per_tc_HiLoStrategy_8deck_70pen_H17_DAS_NoRAS_NoSurrender_3to2.csv,HiLoStrategy,8deck,Cubic Spline,0.9998676539804454,0.9998099646898704,0.005312620917142525,193.47429136233455,228.20616291552193,"Cubic Spline with 13 knots at TC=[-14.0, -7.0, -3.5, 0.0, 1.0, 2.0, 3.0, 3.5, 4.0, 4.5, 5.5, 7.0, 14.0]"
ev_per_tc_HiLoStrategy_8deck_75pen_H17_DAS_NoRAS_NoSurrender_3to2.csv,HiLoStrategy,8deck,Cubic Spline,0.9998653490014621,0.9998089834671904,0.006411422271953231,221.10362498905204,259.3920439198637,"Cubic Spline with 14 knots at TC=[-15.0, -11.0, -7.0, -3.0, -1.0, 0.5, 1.5, 2.5, 3.0, 3.5, 4.5, 6.5, 8.0, 15.5]"
ev_per_tc_HiLoStrategy_8deck_80pen_H17_DAS_NoRAS_NoSurrender_3to2.csv,HiLoStrategy,8deck,Cubic Spline,0.9998655078874975,0.9998099567975508,0.005612340439444941,248.26127197482657,289.86471207332863,"Cubic Spline with 15 knots at TC=[-15.0, -12.5, -10.5, -6.5, -2.5, 1.5, 2.0, 2.5, 3.0, 3.5, 4.5, 5.5, 9.5, 13.5, 17.5]"
ev_per_tc_MentorStrategy_2deck_30pen_H17_DAS_NoRAS_NoSurrender_3to2.csv,MentorStrategy,2deck,Cubic Spline,0.9943433600426146,0.9913486683004694,0.0052701854279817014,241.70319345290994,277.16844789684814,"Cubic Spline with 14 knots at TC=[-6.0, -2.5, -1.5, -1.0, -0.5, 0.0, 0.5, 1.0, 1.5, 2.5, 3.5, 4.0, 7.0, 20.0]"
ev_per_tc_MentorStrategy_2deck_35pen_H17_DAS_NoRAS_NoSurrender_3to2.csv,MentorStrategy,2deck,Cubic Spline,0.9800706443117052,0.9719911757894235,0.005568724366624562,302.7111180902551,332.26549679353695,"Cubic Spline with 11 knots at TC=[-6.0, -2.5, -1.5, -1.0, 0.0, 0.5, 1.5, 2.5, 4.0, 7.0, 20.0]"
ev_per_tc_MentorStrategy_2deck_40pen_H17_DAS_NoRAS_NoSurrender_3to2.csv,MentorStrategy,2deck,Cubic Spline,0.9817765864745823,0.9721288969611259,0.002196374446748733,286.7388085363229,322.2040629802611,"Cubic Spline with 14 knots at TC=[-6.0, -2.5, -1.5, -1.0, -0.5, 0.0, 0.5, 1.5, 2.5, 3.5, 4.0, 7.0, 13.5, 20.0]"
ev_per_tc_MentorStrategy_2deck_45pen_H17_DAS_NoRAS_NoSurrender_3to2.csv,MentorStrategy,2deck,Cubic Spline,0.9305365935167791,0.9023757530506085,0.004575517438250315,318.86494155989226,348.4193202631741,"Cubic Spline with 11 knots at TC=[-6.0, -2.5, -1.5, -1.0, 0.0, 0.5, 1.5, 2.5, 4.0, 7.0, 20.0]"
ev_per_tc_MentorStrategy_2deck_50pen_H17_DAS_NoRAS_NoSurrender_3to2.csv,MentorStrategy,2deck,Cubic Spline,0.863410449994696,0.8027039833256719,0.0026166210459536033,331.5720713144636,363.0967419312975,"Cubic Spline with 12 knots at TC=[-6.0, -2.5, -1.5, -1.0, -0.5, 0.0, 0.5, 2.5, 4.0, 5.5, 7.0, 20.0]"
ev_per_tc_MentorStrategy_2deck_55pen_H17_DAS_NoRAS_NoSurrender_3to2.csv,MentorStrategy,2deck,Cubic Spline,0.8638930858101941,0.785528498852427,0.0022805995222484605,326.8347678085798,364.2703141660701,"Cubic Spline with 15 knots at TC=[-6.0, -2.5, -1.5, -1.0, -0.5, 0.0, 0.5, 1.5, 2.5, 4.0, 7.0, 10.5, 13.5, 17.0, 20.0]"
ev_per_tc_MentorStrategy_2deck_60pen_H17_DAS_NoRAS_NoSurrender_3to2.csv,MentorStrategy,2deck,Cubic Spline,0.8639514645402007,0.8087966528673091,0.008703568982733152,315.50037299224766,345.0547516955295,"Cubic Spline with 11 knots at TC=[-6.0, -2.5, -1.5, -1.0, 0.0, 0.5, 1.5, 2.5, 4.0, 7.0, 20.0]"
ev_per_tc_MentorStrategy_2deck_65pen_H17_DAS_NoRAS_NoSurrender_3to2.csv,MentorStrategy,2deck,Cubic Spline,0.8639730230424514,0.8035165888390965,0.006003411587008871,321.5674260903212,353.0920967071551,"Cubic Spline with 12 knots at TC=[-6.0, -2.5, -1.5, -1.0, 0.0, 0.5, 1.5, 2.5, 4.0, 7.0, 13.5, 20.0]"
ev_per_tc_MentorStrategy_2deck_70pen_H17_DAS_NoRAS_NoSurrender_3to2.csv,MentorStrategy,2deck,Cubic Spline,0.8639290031123484,0.7918914165247681,0.008463747671990887,318.86348314315717,354.32873758709536,"Cubic Spline with 14 knots at TC=[-6.0, -2.5, -1.5, -1.0, -0.5, 0.0, 0.5, 1.5, 2.5, 4.0, 5.5, 7.0, 13.5, 20.0]"
ev_per_tc_MentorStrategy_2deck_75pen_H17_DAS_NoRAS_NoSurrender_3to2.csv,MentorStrategy,2deck,Cubic Spline,0.8638578718491636,0.7854730101865609,0.0033715632777150863,327.26702566618957,364.70257202367986,"Cubic Spline with 15 knots at TC=[-6.0, -2.5, -1.5, -1.0, -0.5, 0.0, 0.5, 1.5, 2.5, 4.0, 7.0, 10.5, 13.5, 17.0, 20.0]"
ev_per_tc_MentorStrategy_2deck_80pen_H17_DAS_NoRAS_NoSurrender_3to2.csv,MentorStrategy,2deck,Cubic Spline,0.8638212539328947,0.7854153092275916,0.005700618477666022,326.7895080477412,364.2250544052315,"Cubic Spline with 15 knots at TC=[-6.0, -2.5, -1.5, -1.0, -0.5, 0.0, 0.5, 1.5, 2.5, 4.0, 7.0, 10.5, 13.5, 17.0, 20.0]"
ev_per_tc_MentorStrategy_6deck_30pen_H17_DAS_NoRAS_NoSurrender_3to2.csv,MentorStrategy,6deck,Cubic Spline,0.9795177260838468,0.9734935278732135,0.002585200376030837,187.60341916214531,205.67004405984852,"Cubic Spline with 6 knots at TC=[-2.0, 1.0, 3.5, 9.0, 14.5, 20.0]"
ev_per_tc_MentorStrategy_6deck_35pen_H17_DAS_NoRAS_NoSurrender_3to2.csv,MentorStrategy,6deck,Cubic Spline,0.9823770772224808,0.9732617723375571,0.002004536692936439,189.59212813365264,216.69206548020742,"Cubic Spline with 11 knots at TC=[-2.0, -0.5, 0.0, 0.5, 1.0, 3.5, 9.0, 10.5, 12.0, 14.5, 20.0]"
ev_per_tc_MentorStrategy_6deck_40pen_H17_DAS_NoRAS_NoSurrender_3to2.csv,MentorStrategy,6deck,Cubic Spline,0.967818890898302,0.9433612479810115,0.001815218373280374,183.91362913837557,218.24021644401165,"Cubic Spline with 15 knots at TC=[-2.0, -1.5, -1.0, -0.5, 0.5, 1.0, 3.5, 6.5, 9.0, 10.5, 12.0, 14.5, 17.5, 19.0, 20.0]"
ev_per_tc_MentorStrategy_6deck_45pen_H17_DAS_NoRAS_NoSurrender_3to2.csv,MentorStrategy,6deck,Piecewise Linear,0.6659390545581148,0.6231107282194115,0.00678738731763747,182.3800419771382,191.4133544259898,"EV = 0.009711*TC + -0.005882 for TC < -0.17
EV = 0.000055*(TC - -0.17) + -0.007535 for TC >= -0.17"
ev_per_tc_MentorStrategy_6deck_50pen_H17_DAS_NoRAS_NoSurrender_3to2.csv,MentorStrategy,6deck,Piecewise Linear,0.6952287963118882,0.6561555650698225,0.0014921666869123274,156.37096307677095,165.40427552562255,"EV = 0.006291*TC + -0.007530 for TC < -0.00
EV = 0.000039*(TC - -0.00) + -0.007530 for TC >= -0.00"
ev_per_tc_MentorStrategy_6deck_55pen_H17_DAS_NoRAS_NoSurrender_3to2.csv,MentorStrategy,6deck,Cubic Spline,0.750036033344327,0.6207443264534617,0.0007538616492709524,164.0549228900996,191.15486023665437,"Cubic Spline with 11 knots at TC=[-2.0, -1.0, -0.5, 0.5, 1.0, 3.5, 9.0, 12.0, 14.5, 17.5, 20.0]"
ev_per_tc_MentorStrategy_6deck_60pen_H17_DAS_NoRAS_NoSurrender_3to2.csv,MentorStrategy,6deck,Piecewise Linear,0.6780858389695734,0.6368147926836213,0.0010869087518036939,164.70967924388094,173.74299169273255,"EV = 0.006257*TC + -0.007536 for TC < -0.00
EV = 0.000044*(TC - -0.00) + -0.007536 for TC >= -0.00"
ev_per_tc_MentorStrategy_6deck_65pen_H17_DAS_NoRAS_NoSurrender_3to2.csv,MentorStrategy,6deck,Piecewise Linear,0.68386166086822,0.6433311045692738,0.0032348314638505995,164.8393119077703,173.8726243566219,"EV = 0.006315*TC + -0.007517 for TC < -0.00
EV = 0.000045*(TC - -0.00) + -0.007517 for TC >= -0.00"
ev_per_tc_MentorStrategy_6deck_70pen_H17_DAS_NoRAS_NoSurrender_3to2.csv,MentorStrategy,6deck,Cubic Spline,0.7500202715809012,0.6071747124842735,0.000861820479448502,190.98839428843206,219.89499412475718,"Cubic Spline with 12 knots at TC=[-2.0, -0.5, 0.0, 0.5, 1.0, 3.5, 9.0, 12.0, 14.5, 17.5, 19.0, 20.0]"
ev_per_tc_MentorStrategy_6deck_75pen_H17_DAS_NoRAS_NoSurrender_3to2.csv,MentorStrategy,6deck,Cubic Spline,0.7499506406115195,0.6070652923895307,0.0018049513288097476,177.00653736602658,205.9131372023517,"Cubic Spline with 12 knots at TC=[-2.0, -0.5, 0.5, 1.0, 3.5, 5.0, 6.5, 9.0, 14.5, 17.5, 19.0, 20.0]"
ev_per_tc_MentorStrategy_6deck_80pen_H17_DAS_NoRAS_NoSurrender_3to2.csv,MentorStrategy,6deck,Piecewise Linear,0.5428404918990173,0.48423029855273747,0.0023332351310409675,178.9072626205548,187.9405750694064,"EV = 0.004940*TC + -0.007288 for TC < -0.04
EV = 0.000044*(TC - -0.04) + -0.007481 for TC >= -0.04"
ev_per_tc_MentorStrategy_8deck_30pen_H17_DAS_NoRAS_NoSurrender_3to2.csv,MentorStrategy,8deck,Cubic Spline,0.9848574082126997,0.9728695230477536,0.002521640783215226,184.6229692436807,218.52257228812766,"Cubic Spline with 15 knots at TC=[-1.5, -1.0, -0.5, 0.0, 1.0, 1.5, 3.0, 4.0, 7.0, 9.5, 15.0, 16.5, 17.0, 17.5, 20.0]"
ev_per_tc_MentorStrategy_8deck_35pen_H17_DAS_NoRAS_NoSurrender_3to2.csv,MentorStrategy,8deck,Polynomial (degree=5),0.972862339533969,0.9684616378367747,0.0009500332879393708,186.64722711499815,197.3523649185077,EV = -0.000000*TC^5 + 0.000001*TC^4 - 0.000023*TC^3 + 0.000133*TC^2 - 0.000238*TC - 0.007461
ev_per_tc_MentorStrategy_8deck_40pen_H17_DAS_NoRAS_NoSurrender_3to2.csv,MentorStrategy,8deck,Cubic Spline,0.9763260108178919,0.9648971884541157,0.0010843195783032918,144.2606222872377,169.23927716209337,"Cubic Spline with 10 knots at TC=[-1.5, -1.0, -0.5, 0.0, 1.0, 1.5, 4.0, 9.5, 15.0, 20.0]"
ev_per_tc_MentorStrategy_8deck_45pen_H17_DAS_NoRAS_NoSurrender_3to2.csv,MentorStrategy,8deck,Piecewise Linear,0.6193904972706198,0.5693102995430698,0.0006339390377867938,168.77752746225028,177.69847563184157,"EV = 0.004519*TC + -0.007521 for TC < -0.00
EV = 0.000045*(TC - -0.00) + -0.007521 for TC >= -0.00"
ev_per_tc_MentorStrategy_8deck_50pen_H17_DAS_NoRAS_NoSurrender_3to2.csv,MentorStrategy,8deck,Piecewise Linear,0.5735460490059923,0.5174336870330964,0.0013686490609606337,166.17330997640317,175.09425814599447,"EV = 0.008230*TC + -0.005929 for TC < -0.19
EV = 0.000034*(TC - -0.19) + -0.007490 for TC >= -0.19"
ev_per_tc_MentorStrategy_8deck_55pen_H17_DAS_NoRAS_NoSurrender_3to2.csv,MentorStrategy,8deck,Piecewise Linear,0.5174064654612605,0.45390731617984736,0.002065566639719807,156.38239375387306,165.30334192346436,"EV = 0.005194*TC + -0.006569 for TC < -0.17
EV = 0.000030*(TC - -0.17) + -0.007449 for TC >= -0.17"
ev_per_tc_MentorStrategy_8deck_60pen_H17_DAS_NoRAS_NoSurrender_3to2.csv,MentorStrategy,8deck,Piecewise Linear,0.5234185375846538,0.4607104504247399,0.00034203555765963454,159.8759639504727,168.796912120064,"EV = 0.004637*TC + -0.007239 for TC < -0.04
EV = 0.000030*(TC - -0.04) + -0.007442 for TC >= -0.04"
ev_per_tc_MentorStrategy_8deck_65pen_H17_DAS_NoRAS_NoSurrender_3to2.csv,MentorStrategy,8deck,Cubic Spline,0.9073651770854358,0.8340292756114059,0.00018307726990590136,129.55940904846983,163.4590120929168,"Cubic Spline with 15 knots at TC=[-1.5, -1.0, -0.5, 0.0, 1.0, 1.5, 4.0, 7.0, 8.5, 9.5, 11.0, 12.5, 15.0, 17.5, 20.0]"
ev_per_tc_MentorStrategy_8deck_70pen_H17_DAS_NoRAS_NoSurrender_3to2.csv,MentorStrategy,8deck,Piecewise Linear,0.5122949282848405,0.44812320832231944,0.00038846463121918384,175.47485245408674,184.39580062367804,"EV = 0.006745*TC + -0.005657 for TC < -0.28
EV = 0.000041*(TC - -0.28) + -0.007573 for TC >= -0.28"
ev_per_tc_MentorStrategy_8deck_75pen_H17_DAS_NoRAS_NoSurrender_3to2.csv,MentorStrategy,8deck,Cubic Spline,0.8146715580808289,0.7048472962028016,0.0011978045111942226,147.78648993449596,176.33352407718814,"Cubic Spline with 12 knots at TC=[-1.5, -1.0, -0.5, 0.0, 1.0, 1.5, 4.0, 7.0, 9.5, 12.5, 15.0, 20.0]"
ev_per_tc_MentorStrategy_8deck_80pen_H17_DAS_NoRAS_NoSurrender_3to2.csv,MentorStrategy,8deck,Cubic Spline,0.8147349411896243,0.6680667696314102,0.00029737226071059993,156.540238668144,190.43984171259098,"Cubic Spline with 15 knots at TC=[-1.5, -0.5, 0.0, 1.0, 1.5, 4.0, 5.5, 7.0, 8.0, 8.5, 9.5, 12.5, 15.0, 17.5, 20.0]"
ev_per_tc_OmegaIIStrategy_2deck_30pen_H17_DAS_NoRAS_NoSurrender_3to2.csv,OmegaIIStrategy,2deck,Cubic Spline,0.9941375732148958,0.990955112960125,0.004237782694997312,260.73868361098425,298.8780141304012,"Cubic Spline with 15 knots at TC=[-7.0, -3.5, -2.5, -1.5, -1.0, -0.5, 0.0, 0.5, 1.0, 1.5, 2.0, 3.5, 6.5, 13.5, 20.0]"
ev_per_tc_OmegaIIStrategy_2deck_35pen_H17_DAS_NoRAS_NoSurrender_3to2.csv,OmegaIIStrategy,2deck,Cubic Spline,0.9948690279277772,0.9923035418916658,0.002467868760544885,258.41907901368984,294.5510763478743,"Cubic Spline with 14 knots at TC=[-7.0, -3.5, -2.5, -1.5, -1.0, -0.5, 0.0, 0.5, 1.0, 1.5, 2.0, 3.5, 6.5, 20.0]"
ev_per_tc_OmegaIIStrategy_2deck_40pen_H17_DAS_NoRAS_NoSurrender_3to2.csv,OmegaIIStrategy,2deck,Cubic Spline,0.9816071312010156,0.9731563536447255,0.0027554096432622654,327.0167940126068,361.14145816155883,"Cubic Spline with 13 knots at TC=[-7.0, -3.5, -2.5, -1.5, -0.5, 0.0, 0.5, 1.0, 1.5, 2.0, 3.5, 6.5, 20.0]"
ev_per_tc_OmegaIIStrategy_2deck_45pen_H17_DAS_NoRAS_NoSurrender_3to2.csv,OmegaIIStrategy,2deck,Cubic Spline,0.9652972270062754,0.9484147969012202,0.0020242436125582066,353.6835121564745,390.1398425897072,"Cubic Spline with 14 knots at TC=[-7.5, -4.0, -2.0, -0.5, 0.0, 0.5, 1.0, 1.5, 3.0, 5.0, 6.5, 10.0, 13.5, 20.0]"
ev_per_tc_OmegaIIStrategy_2deck_50pen_H17_DAS_NoRAS_NoSurrender_3to2.csv,OmegaIIStrategy,2deck,Cubic Spline,0.9674458903528563,0.9323876184251632,0.0014313606776650202,339.7322009404099,395.93753012691906,"Cubic Spline with 24 knots at TC=[-7.0, -3.5, -2.5, -1.5, -1.0, -0.5, 0.0, 0.5, 1.0, 1.5, 2.0, 3.5, 6.5, 8.5, 10.0, 12.0, 13.5, 15.5, 16.5, 17.0, 17.5, 18.0, 18.5, 20.0]"
ev_per_tc_OmegaIIStrategy_2deck_55pen_H17_DAS_NoRAS_NoSurrender_3to2.csv,OmegaIIStrategy,2deck,Cubic Spline,0.9349837496167914,0.8766933182387424,0.008318595670932278,350.31377761893543,402.9729215780493,"Cubic Spline with 22 knots at TC=[-7.5, -4.0, -2.0, -1.0, -0.5, 0.0, 0.5, 1.0, 1.5, 3.0, 5.0, 6.5, 10.0, 12.0, 13.5, 15.5, 16.5, 17.0, 17.5, 18.0, 18.5, 20.0]"
ev_per_tc_OmegaIIStrategy_2deck_60pen_H17_DAS_NoRAS_NoSurrender_3to2.csv,OmegaIIStrategy,2deck,Cubic Spline,0.8729723713676875,0.8146083257798682,0.0027844801494430085,352.4272172922239,386.55188144117585,"Cubic Spline with 13 knots at TC=[-7.0, -3.5, -2.5, -1.5, -0.5, 0.0, 0.5, 1.0, 2.0, 3.5, 6.5, 13.5, 20.0]"
ev_per_tc_OmegaIIStrategy_2deck_65pen_H17_DAS_NoRAS_NoSurrender_3to2.csv,OmegaIIStrategy,2deck,Cubic Spline,0.8706251346983171,0.8023439557890957,0.002360844091178817,359.6862908751512,398.16797299911906,"Cubic Spline with 15 knots at TC=[-7.5, -4.0, -2.0, -1.0, -0.5, 0.0, 0.5, 1.0, 1.5, 3.0, 5.0, 6.5, 13.5, 17.0, 20.0]"
ev_per_tc_OmegaIIStrategy_2deck_70pen_H17_DAS_NoRAS_NoSurrender_3to2.csv,OmegaIIStrategy,2deck,Cubic Spline,0.872937908965873,0.7920802146714285,0.003785357956474944,361.5016390006691,403.655635890551,"Cubic Spline with 17 knots at TC=[-7.0, -3.5, -2.5, -1.5, -1.0, -0.5, 0.0, 0.5, 1.0, 2.0, 3.5, 6.5, 10.0, 13.5, 15.5, 17.0, 20.0]"
ev_per_tc_OmegaIIStrategy_2deck_75pen_H17_DAS_NoRAS_NoSurrender_3to2.csv,OmegaIIStrategy,2deck,Cubic Spline,0.8707323720569616,0.8025077906425803,0.005962879859318485,358.47900202345187,396.9606841474197,"Cubic Spline with 15 knots at TC=[-7.5, -4.0, -2.0, -1.0, -0.5, 0.0, 0.5, 1.0, 1.5, 3.0, 5.0, 6.5, 13.5, 17.0, 20.0]"
ev_per_tc_OmegaIIStrategy_2deck_80pen_H17_DAS_NoRAS_NoSurrender_3to2.csv,OmegaIIStrategy,2deck,Cubic Spline,0.8706453715755519,0.8023748732404264,0.0049567897676140345,362.2643766347629,400.7460587587308,"Cubic Spline with 15 knots at TC=[-7.5, -4.0, -2.0, -0.5, 0.0, 0.5, 1.0, 1.5, 3.0, 5.0, 6.5, 13.5, 17.0, 18.5, 20.0]"
ev_per_tc_OmegaIIStrategy_6deck_30pen_H17_DAS_NoRAS_NoSurrender_3to2.csv,OmegaIIStrategy,6deck,Cubic Spline,0.9902181993255205,0.9847838656174763,0.0025892910780088234,164.00547807447552,190.42347980987896,"Cubic Spline with 11 knots at TC=[-2.5, -1.0, 0.0, 0.5, 2.0, 3.0, 5.5, 8.0, 11.0, 13.5, 18.5]"
ev_per_tc_OmegaIIStrategy_6deck_35pen_H17_DAS_NoRAS_NoSurrender_3to2.csv,OmegaIIStrategy,6deck,Cubic Spline,0.9910213628888576,0.984460051153792,0.0014062406711910006,185.78322476441159,220.5274112977044,"Cubic Spline with 15 knots at TC=[-2.5, -1.0, 0.0, 0.5, 1.0, 1.5, 2.0, 3.5, 6.5, 8.0, 9.0, 10.5, 12.0, 14.5, 20.0]"
ev_per_tc_OmegaIIStrategy_6deck_40pen_H17_DAS_NoRAS_NoSurrender_3to2.csv,OmegaIIStrategy,6deck,Cubic Spline,0.9841241269604691,0.9783510822188215,0.005057712038453029,199.1330339876747,221.07673074554384,"Cubic Spline with 8 knots at TC=[-2.5, -1.0, 0.0, 0.5, 3.5, 9.0, 14.5, 20.0]"
ev_per_tc_OmegaIIStrategy_6deck_45pen_H17_DAS_NoRAS_NoSurrender_3to2.csv,OmegaIIStrategy,6deck,Cubic Spline,0.9855769311085109,0.9759615518475181,0.003619180169071796,179.1462272735101,212.06177241031384,"Cubic Spline with 14 knots at TC=[-2.5, -1.5, -1.0, 0.0, 0.5, 1.5, 2.0, 3.5, 6.5, 9.0, 14.5, 16.0, 17.5, 20.0]"
ev_per_tc_OmegaIIStrategy_6deck_50pen_H17_DAS_NoRAS_NoSurrender_3to2.csv,OmegaIIStrategy,6deck,Cubic Spline,0.8886713526208898,0.8568631676554297,0.002730241837581131,190.67153338813944,208.9579473530304,"Cubic Spline with 6 knots at TC=[-2.5, -1.0, 0.5, 3.5, 9.0, 20.0]"
ev_per_tc_OmegaIIStrategy_6deck_55pen_H17_DAS_NoRAS_NoSurrender_3to2.csv,OmegaIIStrategy,6deck,Piecewise Linear,0.7947852951481466,0.7691334570416649,0.002666279329311617,167.10265135582262,176.24585833826808,"EV = 0.007063*TC + -0.006623 for TC < -0.13
EV = 0.000058*(TC - -0.13) + -0.007518 for TC >= -0.13"
ev_per_tc_OmegaIIStrategy_6deck_60pen_H17_DAS_NoRAS_NoSurrender_3to2.csv,OmegaIIStrategy,6deck,Cubic Spline,0.8892813305135266,0.815468884189211,0.0013321595907421276,169.82735604815485,202.74290118495855,"Cubic Spline with 14 knots at TC=[-2.5, -1.0, -0.5, 0.0, 0.5, 1.0, 1.5, 2.0, 3.5, 9.0, 12.0, 14.5, 17.5, 20.0]"
ev_per_tc_OmegaIIStrategy_6deck_65pen_H17_DAS_NoRAS_NoSurrender_3to2.csv,OmegaIIStrategy,6deck,Piecewise Linear,0.8027174596682712,0.7780571421268051,0.001563362120945577,168.46241772504825,177.60562470749375,"EV = 0.005409*TC + -0.007550 for TC < -0.00
EV = 0.000064*(TC - -0.00) + -0.007550 for TC >= -0.00"
ev_per_tc_OmegaIIStrategy_6deck_70pen_H17_DAS_NoRAS_NoSurrender_3to2.csv,OmegaIIStrategy,6deck,Piecewise Linear,0.8298740926129736,0.8086083541895953,0.0018097882477640876,166.2068229216779,175.3500299041234,"EV = 0.007341*TC + -0.006897 for TC < -0.09
EV = 0.000064*(TC - -0.09) + -0.007582 for TC >= -0.09"
ev_per_tc_OmegaIIStrategy_6deck_75pen_H17_DAS_NoRAS_NoSurrender_3to2.csv,OmegaIIStrategy,6deck,Piecewise Linear,0.7490314727697558,0.7176604068659753,0.006051786045406106,178.0072557907978,187.1504627732433,"EV = 0.005391*TC + -0.007471 for TC < -0.00
EV = 0.000059*(TC - -0.00) + -0.007471 for TC >= -0.00"
ev_per_tc_OmegaIIStrategy_6deck_80pen_H17_DAS_NoRAS_NoSurrender_3to2.csv,OmegaIIStrategy,6deck,Piecewise Linear,0.7030382694672079,0.6659180531506089,0.007898273462876103,191.68042771606605,200.8236346985115,"EV = 0.004946*TC + -0.007582 for TC < -0.00
EV = 0.000066*(TC - -0.00) + -0.007582 for TC >= -0.00"
ev_per_tc_OmegaIIStrategy_8deck_30pen_H17_DAS_NoRAS_NoSurrender_3to2.csv,OmegaIIStrategy,8deck,Cubic Spline,0.9862275549121167,0.9776197767321896,0.009377056243623378,166.17060182536483,191.50379363707387,"Cubic Spline with 11 knots at TC=[-2.0, -0.5, 0.0, 0.5, 1.5, 2.0, 3.0, 8.0, 10.5, 13.0, 17.5]"
ev_per_tc_OmegaIIStrategy_8deck_35pen_H17_DAS_NoRAS_NoSurrender_3to2.csv,OmegaIIStrategy,8deck,Cubic Spline,0.9866973073297304,0.9798166042244185,0.002464224924818896,186.38406386814353,213.4840012146983,"Cubic Spline with 11 knots at TC=[-2.0, -0.5, 0.5, 1.0, 3.5, 5.0, 6.5, 8.0, 9.0, 14.5, 20.0]"
ev_per_tc_OmegaIIStrategy_8deck_40pen_H17_DAS_NoRAS_NoSurrender_3to2.csv,OmegaIIStrategy,8deck,Cubic Spline,0.9883327068606924,0.9839574719334521,0.0014952919705143839,180.31543134168425,201.9953812189281,"Cubic Spline with 8 knots at TC=[-2.0, -0.5, 0.5, 1.0, 3.5, 9.0, 14.5, 20.0]"
ev_per_tc_OmegaIIStrategy_8deck_45pen_H17_DAS_NoRAS_NoSurrender_3to2.csv,OmegaIIStrategy,8deck,Cubic Spline,0.9894110015200764,0.9839339333408056,0.0005636145365953366,153.0465632033737,180.1465005499285,"Cubic Spline with 11 knots at TC=[-2.0, -0.5, 0.5, 1.0, 3.5, 6.5, 9.0, 10.5, 12.0, 14.5, 20.0]"
ev_per_tc_OmegaIIStrategy_8deck_50pen_H17_DAS_NoRAS_NoSurrender_3to2.csv,OmegaIIStrategy,8deck,Cubic Spline,0.9181837896594264,0.8615417978851831,0.0011369200275623934,168.2612846080741,200.78120942393986,"Cubic Spline with 14 knots at TC=[-2.0, -1.0, -0.5, 0.0, 0.5, 1.0, 3.5, 5.0, 6.5, 9.0, 12.0, 14.5, 17.5, 20.0]"
ev_per_tc_OmegaIIStrategy_8deck_55pen_H17_DAS_NoRAS_NoSurrender_3to2.csv,OmegaIIStrategy,8deck,Cubic Spline,0.8368307649506551,0.7684049567041557,0.0020659346172180516,158.36040800137846,181.8470203683926,"Cubic Spline with 9 knots at TC=[-2.0, -1.0, -0.5, 0.5, 1.0, 3.5, 9.0, 14.5, 20.0]"
ev_per_tc_OmegaIIStrategy_8deck_60pen_H17_DAS_NoRAS_NoSurrender_3to2.csv,OmegaIIStrategy,8deck,Piecewise Linear,0.7874711627132498,0.7602238758816151,0.0022275098860055913,158.10577747054361,167.13908991939522,"EV = 0.005734*TC + -0.007395 for TC < 0.00
EV = 0.000046*(TC - 0.00) + -0.007395 for TC >= 0.00"
ev_per_tc_OmegaIIStrategy_8deck_65pen_H17_DAS_NoRAS_NoSurrender_3to2.csv,OmegaIIStrategy,8deck,Piecewise Linear,0.6282919521375285,0.5806370742064424,0.0032360763987323523,179.52370492249324,188.55701737134484,"EV = 0.004379*TC + -0.007347 for TC < -0.00
EV = 0.000043*(TC - -0.00) + -0.007347 for TC >= -0.00"
ev_per_tc_OmegaIIStrategy_8deck_70pen_H17_DAS_NoRAS_NoSurrender_3to2.csv,OmegaIIStrategy,8deck,Piecewise Linear,0.880615744374506,0.8653100705763657,0.004794066618031042,131.8714954647416,140.9048079135932,"EV = 0.007617*TC + -0.006308 for TC < -0.15
EV = 0.000051*(TC - -0.15) + -0.007481 for TC >= -0.15"
ev_per_tc_OmegaIIStrategy_8deck_75pen_H17_DAS_NoRAS_NoSurrender_3to2.csv,OmegaIIStrategy,8deck,Piecewise Linear,0.7124091654452726,0.6755385456305638,0.0037082578630016003,174.1633414064495,183.1966538553011,"EV = 0.006960*TC + -0.005959 for TC < -0.23
EV = 0.000053*(TC - -0.23) + -0.007556 for TC >= -0.23"
ev_per_tc_OmegaIIStrategy_8deck_80pen_H17_DAS_NoRAS_NoSurrender_3to2.csv,OmegaIIStrategy,8deck,Cubic Spline,0.836834926485043,0.7435977416193533,0.0030726045764472073,170.4640348302346,199.3706346665597,"Cubic Spline with 12 knots at TC=[-2.0, -1.0, -0.5, 0.5, 1.0, 2.5, 3.5, 9.0, 10.5, 12.0, 14.5, 20.0]"
ev_per_tc_R14Strategy_2deck_30pen_H17_DAS_NoRAS_NoSurrender_3to2.csv,R14Strategy,2deck,Cubic Spline,0.985774027968301,0.98062846361641,0.005951695372002589,325.7397514644261,362.7043350526519,"Cubic Spline with 13 knots at TC=[-12.0, -8.0, -4.0, -3.0, -2.0, -1.0, -0.5, 0.0, 0.5, 1.0, 2.0, 4.0, 20.0]"
ev_per_tc_R14Strategy_2deck_35pen_H17_DAS_NoRAS_NoSurrender_3to2.csv,R14Strategy,2deck,Cubic Spline,0.9870753438533831,0.9816182668137005,0.007550093170028219,314.13620731656124,355.44956544457835,"Cubic Spline with 15 knots at TC=[-12.0, -8.0, -4.0, -3.0, -2.0, -1.0, -0.5, 0.0, 0.5, 1.0, 1.5, 2.0, 4.0, 12.0, 20.0]"
ev_per_tc_R14Strategy_2deck_40pen_H17_DAS_NoRAS_NoSurrender_3to2.csv,R14Strategy,2deck,Cubic Spline,0.9512410225673424,0.9306538987624426,0.0028657167967815846,384.12863339606645,425.44199152408356,"Cubic Spline with 15 knots at TC=[-12.0, -8.0, -4.0, -3.0, -2.0, -1.0, -0.5, 0.0, 0.5, 1.0, 1.5, 2.0, 4.0, 12.0, 20.0]"
ev_per_tc_R14Strategy_2deck_45pen_H17_DAS_NoRAS_NoSurrender_3to2.csv,R14Strategy,2deck,Cubic Spline,0.9526820480441767,0.9327033572183846,0.00985707300581229,363.4430594336304,404.75641756164754,"Cubic Spline with 15 knots at TC=[-12.0, -8.0, -4.0, -3.0, -2.0, -1.0, -0.5, 0.0, 0.5, 1.0, 1.5, 2.0, 4.0, 12.0, 20.0]"
ev_per_tc_R14Strategy_2deck_50pen_H17_DAS_NoRAS_NoSurrender_3to2.csv,R14Strategy,2deck,Cubic Spline,0.9532750968595984,0.93354680442254,0.0041112374068106045,345.92011580334434,387.23347393136146,"Cubic Spline with 15 knots at TC=[-12.0, -8.0, -4.0, -3.0, -2.0, -1.0, -0.5, 0.0, 0.5, 1.0, 1.5, 2.0, 4.0, 12.0, 20.0]"
ev_per_tc_R14Strategy_2deck_55pen_H17_DAS_NoRAS_NoSurrender_3to2.csv,R14Strategy,2deck,Cubic Spline,0.9534738355487946,0.9338294550027301,0.00647439129955209,342.3484288598052,383.6617869878223,"Cubic Spline with 15 knots at TC=[-12.0, -8.0, -4.0, -3.0, -2.0, -1.0, -0.5, 0.0, 0.5, 1.0, 1.5, 2.0, 4.0, 12.0, 20.0]"
ev_per_tc_R14Strategy_2deck_60pen_H17_DAS_NoRAS_NoSurrender_3to2.csv,R14Strategy,2deck,Cubic Spline,0.9070328714393353,0.8734064632365417,0.004745111514247077,382.65652583835885,419.62110942658467,"Cubic Spline with 13 knots at TC=[-12.0, -8.0, -4.0, -3.0, -2.0, -1.0, -0.5, 0.0, 0.5, 1.0, 2.0, 4.0, 20.0]"
ev_per_tc_R14Strategy_2deck_65pen_H17_DAS_NoRAS_NoSurrender_3to2.csv,R14Strategy,2deck,Cubic Spline,0.9535358464101216,0.9339176482277285,0.003257650309016801,341.06304808476654,382.37640621278365,"Cubic Spline with 15 knots at TC=[-12.0, -8.0, -4.0, -3.0, -2.0, -1.0, -0.5, 0.0, 0.5, 1.0, 1.5, 2.0, 4.0, 12.0, 20.0]"
ev_per_tc_R14Strategy_2deck_70pen_H17_DAS_NoRAS_NoSurrender_3to2.csv,R14Strategy,2deck,Cubic Spline,0.9070530162271266,0.8678087341896912,0.004874541980347493,388.3852950440556,429.69865317207274,"Cubic Spline with 15 knots at TC=[-12.0, -8.0, -4.0, -3.0, -2.0, -1.0, -0.5, 0.0, 0.5, 1.0, 1.5, 2.0, 4.0, 12.0, 20.0]"
ev_per_tc_R14Strategy_2deck_75pen_H17_DAS_NoRAS_NoSurrender_3to2.csv,R14Strategy,2deck,Cubic Spline,0.9535308943783082,0.9339106053380383,0.005666454065476433,339.14310575149517,380.4564638795123,"Cubic Spline with 15 knots at TC=[-12.0, -8.0, -4.0, -3.0, -2.0, -1.0, -0.5, 0.0, 0.5, 1.0, 1.5, 2.0, 4.0, 12.0, 20.0]"
ev_per_tc_R14Strategy_2deck_80pen_H17_DAS_NoRAS_NoSurrender_3to2.csv,R14Strategy,2deck,Cubic Spline,0.9535258309907131,0.9339034040756808,0.003573131780026839,341.7490358532807,383.0623939812978,"Cubic Spline with 15 knots at TC=[-12.0, -8.0, -4.0, -3.0, -2.0, -1.0, -0.5, 0.0, 0.5, 1.0, 1.5, 2.0, 4.0, 12.0, 20.0]"
ev_per_tc_R14Strategy_6deck_30pen_H17_DAS_NoRAS_NoSurrender_3to2.csv,R14Strategy,6deck,Cubic Spline,0.994425183179209,0.9910802930867344,0.001057954210906763,160.30124601869966,194.35401138469092,"Cubic Spline with 14 knots at TC=[-4.0, -1.0, -0.5, 0.0, 0.5, 1.0, 1.5, 2.0, 5.0, 8.0, 11.0, 12.5, 14.0, 20.0]"
ev_per_tc_R14Strategy_6deck_35pen_H17_DAS_NoRAS_NoSurrender_3to2.csv,R14Strategy,6deck,Cubic Spline,0.9802182911469941,0.9712266053047187,0.0015310346440253946,190.58581957068918,218.96312404234857,"Cubic Spline with 11 knots at TC=[-4.0, -1.0, 0.0, 0.5, 1.5, 2.0, 8.0, 11.0, 12.5, 14.0, 20.0]"
ev_per_tc_R14Strategy_6deck_40pen_H17_DAS_NoRAS_NoSurrender_3to2.csv,R14Strategy,6deck,Cubic Spline,0.9249580644051775,0.89994408587357,0.005849164416639203,196.54439436275598,219.2462379400835,"Cubic Spline with 8 knots at TC=[-4.0, -1.0, 0.0, 0.5, 2.0, 8.0, 14.0, 20.0]"
ev_per_tc_R14Strategy_6deck_45pen_H17_DAS_NoRAS_NoSurrender_3to2.csv,R14Strategy,6deck,Cubic Spline,0.8521112777554023,0.7710110107180422,0.0033095716966041228,190.6031038620774,222.76404892995805,"Cubic Spline with 13 knots at TC=[-4.0, -1.0, -0.5, 0.0, 0.5, 1.0, 1.5, 2.0, 8.0, 14.0, 17.0, 18.5, 20.0]"
ev_per_tc_R14Strategy_6deck_50pen_H17_DAS_NoRAS_NoSurrender_3to2.csv,R14Strategy,6deck,Piecewise Linear,0.7263624071070378,0.6945440823520421,0.0033886395058204486,191.1493324078502,200.60843389840335,"EV = 0.003628*TC + -0.008045 for TC < -0.03
EV = 0.000053*(TC - -0.03) + -0.008144 for TC >= -0.03"
ev_per_tc_R14Strategy_6deck_55pen_H17_DAS_NoRAS_NoSurrender_3to2.csv,R14Strategy,6deck,Piecewise Linear,0.6707475167698062,0.632462344301179,0.0019901282243534445,205.23642760885713,214.69552909941027,"EV = 0.003718*TC + -0.008191 for TC < -0.00
EV = 0.000051*(TC - -0.00) + -0.008191 for TC >= -0.00"
ev_per_tc_R14Strategy_6deck_60pen_H17_DAS_NoRAS_NoSurrender_3to2.csv,R14Strategy,6deck,Cubic Spline,0.8522540284772449,0.7850967686941743,0.0026896154402517455,197.47022339853177,225.8475278701912,"Cubic Spline with 11 knots at TC=[-4.0, -1.0, -0.5, 0.0, 0.5, 1.5, 2.0, 8.0, 14.0, 17.0, 20.0]"
ev_per_tc_R14Strategy_6deck_65pen_H17_DAS_NoRAS_NoSurrender_3to2.csv,R14Strategy,6deck,Piecewise Linear,0.7176085864686835,0.6847723755929491,0.005225223506346713,195.83039613688916,205.2894976274423,"EV = 0.004120*TC + -0.008128 for TC < -0.00
EV = 0.000043*(TC - -0.00) + -0.008128 for TC >= -0.00"
ev_per_tc_R14Strategy_6deck_70pen_H17_DAS_NoRAS_NoSurrender_3to2.csv,R14Strategy,6deck,Cubic Spline,0.85228489195724,0.7712798327079845,0.0011842647070034208,194.0346675404742,226.19561260835485,"Cubic Spline with 13 knots at TC=[-4.0, -1.0, 0.0, 0.5, 1.5, 2.0, 5.0, 8.0, 14.0, 15.5, 17.0, 18.5, 20.0]"
ev_per_tc_R14Strategy_6deck_75pen_H17_DAS_NoRAS_NoSurrender_3to2.csv,R14Strategy,6deck,Piecewise Linear,0.7238324088822361,0.6917198982871473,0.003487038667129891,195.88188316793818,205.34098465849132,"EV = 0.003975*TC + -0.008050 for TC < -0.02
EV = 0.000051*(TC - -0.02) + -0.008149 for TC >= -0.02"
ev_per_tc_R14Strategy_6deck_80pen_H17_DAS_NoRAS_NoSurrender_3to2.csv,R14Strategy,6deck,Cubic Spline,0.8522889692797722,0.7784334539196582,0.001353155527354048,186.0917982348702,216.36092300464023,"Cubic Spline with 12 knots at TC=[-4.0, -1.0, -0.5, 0.0, 0.5, 1.5, 2.0, 8.0, 14.0, 17.0, 18.5, 20.0]"
ev_per_tc_R14Strategy_8deck_30pen_H17_DAS_NoRAS_NoSurrender_3to2.csv,R14Strategy,8deck,Cubic Spline,0.9838412140773071,0.9760224466953589,0.004467724913852583,196.50813262213003,224.26034664778092,"Cubic Spline with 11 knots at TC=[-3.0, -2.0, -1.5, -0.5, 0.0, 1.0, 1.5, 3.0, 8.5, 14.5, 20.0]"
ev_per_tc_R14Strategy_8deck_35pen_H17_DAS_NoRAS_NoSurrender_3to2.csv,R14Strategy,8deck,Cubic Spline,0.9714913310768306,0.9531643296262218,0.0036266905962680463,205.43105849225495,238.733715323036,"Cubic Spline with 14 knots at TC=[-3.0, -1.5, -1.0, -0.5, 0.0, 0.5, 1.0, 1.5, 3.0, 8.5, 11.5, 14.5, 17.5, 20.0]"
ev_per_tc_R14Strategy_8deck_40pen_H17_DAS_NoRAS_NoSurrender_3to2.csv,R14Strategy,8deck,Cubic Spline,0.8918494130851486,0.8223240357827442,0.0028127554430095194,197.22983597988065,230.5324928106617,"Cubic Spline with 14 knots at TC=[-3.0, -2.0, -1.5, -1.0, -0.5, 0.0, 0.5, 1.0, 1.5, 3.0, 8.5, 14.5, 17.5, 20.0]"
ev_per_tc_R14Strategy_8deck_45pen_H17_DAS_NoRAS_NoSurrender_3to2.csv,R14Strategy,8deck,Piecewise Linear,0.7239298344374717,0.6902627410761878,0.0023595647463172716,180.50710678091986,189.75784478947014,"EV = 0.003787*TC + -0.008131 for TC < -0.00
EV = 0.000047*(TC - -0.00) + -0.008131 for TC >= -0.00"
ev_per_tc_R14Strategy_8deck_50pen_H17_DAS_NoRAS_NoSurrender_3to2.csv,R14Strategy,8deck,Cubic Spline,0.8929692440530268,0.8241637580871155,0.0004277909524742226,150.63189045131867,183.93454728209974,"Cubic Spline with 14 knots at TC=[-3.0, -2.0, -1.5, -1.0, -0.5, 0.0, 0.5, 1.0, 1.5, 3.0, 8.5, 11.5, 14.5, 20.0]"
ev_per_tc_R14Strategy_8deck_55pen_H17_DAS_NoRAS_NoSurrender_3to2.csv,R14Strategy,8deck,Piecewise Linear,0.6425067714230157,0.5989100362307005,0.000586293047605925,181.6702201776781,190.92095818622838,"EV = 0.004167*TC + -0.007541 for TC < -0.10
EV = 0.000033*(TC - -0.10) + -0.007975 for TC >= -0.10"
ev_per_tc_R14Strategy_8deck_60pen_H17_DAS_NoRAS_NoSurrender_3to2.csv,R14Strategy,8deck,Piecewise Linear,0.5876291474959672,0.5373400191418168,0.0044042290169614565,186.1664601582156,195.4171981667659,"EV = 0.002707*TC + -0.008007 for TC < -0.00
EV = 0.000040*(TC - -0.00) + -0.008007 for TC >= -0.00"
ev_per_tc_R14Strategy_8deck_65pen_H17_DAS_NoRAS_NoSurrender_3to2.csv,R14Strategy,8deck,Piecewise Linear,0.6303595875492053,0.5852814884698401,0.005479550594375583,197.70947087885963,206.96020888740992,"EV = 0.003959*TC + -0.008009 for TC < -0.00
EV = 0.000042*(TC - -0.00) + -0.008009 for TC >= -0.00"
ev_per_tc_R14Strategy_8deck_70pen_H17_DAS_NoRAS_NoSurrender_3to2.csv,R14Strategy,8deck,Cubic Spline,0.8928925125884734,0.8301053647955094,0.0006222409886005755,162.18695982815692,193.63946905722793,"Cubic Spline with 13 knots at TC=[-3.0, -2.0, -1.5, -1.0, -0.5, 0.0, 0.5, 1.0, 1.5, 3.0, 8.5, 14.5, 20.0]"
ev_per_tc_R14Strategy_8deck_75pen_H17_DAS_NoRAS_NoSurrender_3to2.csv,R14Strategy,8deck,Piecewise Linear,0.7396915547253985,0.7079466223748374,0.0006833060652185603,168.18418596382,177.43492397237029,"EV = 0.003954*TC + -0.007944 for TC < -0.00
EV = 0.000035*(TC - -0.00) + -0.007944 for TC >= -0.00"
ev_per_tc_R14Strategy_8deck_80pen_H17_DAS_NoRAS_NoSurrender_3to2.csv,R14Strategy,8deck,Piecewise Linear,0.7020336755926988,0.6656963189576621,0.001531392701512492,169.26021882771232,178.5109568362626,"EV = 0.004329*TC + -0.007267 for TC < -0.16
EV = 0.000036*(TC - -0.16) + -0.007972 for TC >= -0.16"
ev_per_tc_RAPCStrategy_2deck_30pen_H17_DAS_NoRAS_NoSurrender_3to2.csv,RAPCStrategy,2deck,LOWESS (frac=0.2),0.998362320613398,0.9979529007667476,0.0008376904353918012,301.0231169449263,332.7006352235047,LOWESS with fraction=0.2
ev_per_tc_RAPCStrategy_2deck_35pen_H17_DAS_NoRAS_NoSurrender_3to2.csv,RAPCStrategy,2deck,Cubic Spline,0.9991531896000937,0.9989953096950264,0.0005669129894491222,268.95076556588145,293.84024421333595,"Cubic Spline with 7 knots at TC=[-15.0, -6.0, -1.5, 2.5, 7.0, 11.5, 20.0]"
ev_per_tc_RAPCStrategy_2deck_40pen_H17_DAS_NoRAS_NoSurrender_3to2.csv,RAPCStrategy,2deck,Cubic Spline,0.9992398180073392,0.999127660008422,0.0005663865152166143,274.90262701102546,295.2667459043973,"Cubic Spline with 5 knots at TC=[-15.0, 2.5, 7.0, 11.5, 20.0]"
ev_per_tc_RAPCStrategy_2deck_45pen_H17_DAS_NoRAS_NoSurrender_3to2.csv,RAPCStrategy,2deck,Cubic Spline,0.9996541087071806,0.99953437710582,0.0003537913920948602,250.1492151731394,290.87745295988304,"Cubic Spline with 14 knots at TC=[-15.0, -12.5, -10.5, -6.0, -1.5, 0.5, 2.5, 5.0, 7.0, 9.5, 10.5, 11.5, 16.0, 20.0]"
ev_per_tc_RAPCStrategy_2deck_50pen_H17_DAS_NoRAS_NoSurrender_3to2.csv,RAPCStrategy,2deck,Cubic Spline,0.9996811475148596,0.999562359334121,0.00038104200826851494,258.81763971398925,301.8085573777742,"Cubic Spline with 15 knots at TC=[-15.0, -10.5, -6.0, -3.5, -1.5, -0.5, 0.5, 2.5, 5.0, 7.0, 9.5, 11.5, 16.0, 18.0, 20.0]"
ev_per_tc_RAPCStrategy_2deck_55pen_H17_DAS_NoRAS_NoSurrender_3to2.csv,RAPCStrategy,2deck,Cubic Spline,0.9997072992323719,0.9996059797358853,0.0003061366927132582,262.1675999619246,302.8958377486683,"Cubic Spline with 14 knots at TC=[-15.0, -10.5, -6.0, -3.5, -1.5, -0.5, 0.5, 2.5, 7.0, 9.5, 10.5, 11.5, 16.0, 20.0]"
ev_per_tc_RAPCStrategy_2deck_60pen_H17_DAS_NoRAS_NoSurrender_3to2.csv,RAPCStrategy,2deck,Cubic Spline,0.9994488882993384,0.999311110374173,0.0004181036319036121,306.627676811055,338.3051950896334,"Cubic Spline with 10 knots at TC=[-15.0, -6.0, -1.5, -0.5, 0.5, 1.5, 2.5, 11.5, 16.0, 20.0]"
ev_per_tc_RAPCStrategy_2deck_65pen_H17_DAS_NoRAS_NoSurrender_3to2.csv,RAPCStrategy,2deck,Cubic Spline,0.9997388942988757,0.9996485115561788,0.00027829459289786953,268.64863667332594,309.37687446006964,"Cubic Spline with 14 knots at TC=[-15.0, -10.5, -6.0, -3.5, -1.5, -1.0, -0.5, 0.5, 2.5, 7.0, 9.5, 10.5, 11.5, 20.0]"
ev_per_tc_RAPCStrategy_2deck_70pen_H17_DAS_NoRAS_NoSurrender_3to2.csv,RAPCStrategy,2deck,Cubic Spline,0.9995017640780726,0.9993772050975906,0.00037108631212495876,312.0035449395063,343.6810632180847,"Cubic Spline with 10 knots at TC=[-15.0, -6.0, -1.5, -0.5, 0.5, 1.5, 2.5, 11.5, 16.0, 20.0]"
ev_per_tc_RAPCStrategy_2deck_75pen_H17_DAS_NoRAS_NoSurrender_3to2.csv,RAPCStrategy,2deck,Cubic Spline,0.9997609179439506,0.9996842312467272,0.0002639258117446971,271.02375388694594,309.4893117966483,"Cubic Spline with 13 knots at TC=[-15.0, -6.0, -3.5, -2.5, -1.5, -0.5, 0.5, 2.5, 5.0, 7.0, 9.5, 11.5, 20.0]"
ev_per_tc_RAPCStrategy_2deck_80pen_H17_DAS_NoRAS_NoSurrender_3to2.csv,RAPCStrategy,2deck,Cubic Spline,0.9997708207397528,0.9996854402310332,0.00027737398247687197,276.204522616792,319.19544028057703,"Cubic Spline with 15 knots at TC=[-15.0, -12.5, -10.5, -6.0, -3.5, -1.5, -0.5, 0.5, 2.5, 4.0, 5.0, 7.0, 11.5, 16.0, 20.0]"
ev_per_tc_RAPCStrategy_6deck_30pen_H17_DAS_NoRAS_NoSurrender_3to2.csv,RAPCStrategy,6deck,Cubic Spline,0.9979832818367844,0.9976072835351679,0.004118529419854233,221.21020815614483,246.0996868035993,"Cubic Spline with 7 knots at TC=[-15.0, -6.0, 2.5, 7.0, 11.5, 16.0, 20.0]"
ev_per_tc_RAPCStrategy_6deck_35pen_H17_DAS_NoRAS_NoSurrender_3to2.csv,RAPCStrategy,6deck,Cubic Spline,0.9982689037747625,0.997796786622425,0.002523913666500202,246.67381049264011,280.61400864825987,"Cubic Spline with 11 knots at TC=[-15.0, -10.5, -6.0, 2.5, 7.0, 9.5, 11.5, 13.0, 14.0, 16.0, 20.0]"
ev_per_tc_RAPCStrategy_6deck_40pen_H17_DAS_NoRAS_NoSurrender_3to2.csv,RAPCStrategy,6deck,Cubic Spline,0.9969407047388196,0.9964893333068421,0.0017082495095696825,296.84879642943076,317.2129153228026,"Cubic Spline with 5 knots at TC=[-15.0, 2.5, 7.0, 11.5, 20.0]"
ev_per_tc_RAPCStrategy_6deck_45pen_H17_DAS_NoRAS_NoSurrender_3to2.csv,RAPCStrategy,6deck,Cubic Spline,0.9993198922007648,0.9991017444161044,0.0005552113806280852,229.29754429571327,267.76310220541563,"Cubic Spline with 13 knots at TC=[-15.0, -13.5, -12.5, -10.5, -8.0, -6.0, 2.5, 7.0, 9.5, 11.5, 14.0, 16.0, 20.0]"
ev_per_tc_RAPCStrategy_6deck_50pen_H17_DAS_NoRAS_NoSurrender_3to2.csv,RAPCStrategy,6deck,Cubic Spline,0.9987651522801657,0.99855934432686,0.0010308940870193141,275.992552845575,298.61935161598814,"Cubic Spline with 6 knots at TC=[-15.0, 2.5, 7.0, 11.5, 16.0, 20.0]"
ev_per_tc_RAPCStrategy_6deck_55pen_H17_DAS_NoRAS_NoSurrender_3to2.csv,RAPCStrategy,6deck,Cubic Spline,0.9994367751791241,0.9992698937507164,0.0005170445360601262,249.90175718463277,286.10463521729383,"Cubic Spline with 12 knots at TC=[-15.0, -12.5, -10.5, -6.0, -1.5, 2.5, 7.0, 9.5, 11.5, 14.0, 16.0, 20.0]"
ev_per_tc_RAPCStrategy_6deck_60pen_H17_DAS_NoRAS_NoSurrender_3to2.csv,RAPCStrategy,6deck,Cubic Spline,0.9994816954482305,0.9993634856381778,0.00049282315388311,252.85401011390036,282.26884851543747,"Cubic Spline with 9 knots at TC=[-15.0, -6.0, -1.5, 2.5, 7.0, 11.5, 14.0, 16.0, 20.0]"
ev_per_tc_RAPCStrategy_6deck_65pen_H17_DAS_NoRAS_NoSurrender_3to2.csv,RAPCStrategy,6deck,Cubic Spline,0.9995157798821226,0.9994053437148874,0.00040487072212725794,261.52063052796603,290.93546892950314,"Cubic Spline with 9 knots at TC=[-15.0, -10.5, -6.0, 2.5, 7.0, 11.5, 14.0, 16.0, 20.0]"
ev_per_tc_RAPCStrategy_6deck_70pen_H17_DAS_NoRAS_NoSurrender_3to2.csv,RAPCStrategy,6deck,Cubic Spline,0.9995465773862421,0.9994527658109819,0.0004227647867870883,267.5505677711658,294.7027262956616,"Cubic Spline with 8 knots at TC=[-15.0, -6.0, 2.5, 7.0, 11.5, 14.0, 16.0, 20.0]"
ev_per_tc_RAPCStrategy_6deck_75pen_H17_DAS_NoRAS_NoSurrender_3to2.csv,RAPCStrategy,6deck,Cubic Spline,0.999570679700226,0.9994906369324714,0.00045098208590659,271.0914575402121,295.98093618766654,"Cubic Spline with 7 knots at TC=[-15.0, 2.5, 7.0, 11.5, 14.0, 16.0, 20.0]"
ev_per_tc_RAPCStrategy_6deck_80pen_H17_DAS_NoRAS_NoSurrender_3to2.csv,RAPCStrategy,6deck,Cubic Spline,0.9997960525938117,0.9997495382731021,0.0002516887020758694,231.2260842925919,260.640922694129,"Cubic Spline with 9 knots at TC=[-15.0, -6.0, -1.5, 2.5, 7.0, 11.5, 14.0, 16.0, 20.0]"
ev_per_tc_RAPCStrategy_8deck_30pen_H17_DAS_NoRAS_NoSurrender_3to2.csv,RAPCStrategy,8deck,Cubic Spline,0.997077042070826,0.9965642424341289,0.006305280985959037,237.31359727486986,259.5086743266309,"Cubic Spline with 6 knots at TC=[-15.0, 2.0, 6.5, 10.5, 14.5, 18.5]"
ev_per_tc_RAPCStrategy_8deck_35pen_H17_DAS_NoRAS_NoSurrender_3to2.csv,RAPCStrategy,8deck,Cubic Spline,0.9986907706252096,0.9982708291276353,0.0029980920269457585,227.8140812804912,266.27963919019356,"Cubic Spline with 13 knots at TC=[-15.0, -10.5, -6.0, -1.5, 2.5, 7.0, 9.5, 11.5, 14.0, 16.0, 17.0, 18.0, 20.0]"
ev_per_tc_RAPCStrategy_8deck_40pen_H17_DAS_NoRAS_NoSurrender_3to2.csv,RAPCStrategy,8deck,Cubic Spline,0.9988520011798361,0.998511853381269,0.0019035938588484987,240.6106075893215,276.8134856219825,"Cubic Spline with 12 knots at TC=[-15.0, -6.0, -1.5, 0.5, 2.5, 7.0, 9.5, 11.5, 13.0, 14.0, 16.0, 20.0]"
ev_per_tc_RAPCStrategy_8deck_45pen_H17_DAS_NoRAS_NoSurrender_3to2.csv,RAPCStrategy,8deck,Cubic Spline,0.9989776968055547,0.9986238226228621,0.0012214560827331206,259.121937993341,299.85017578008467,"Cubic Spline with 14 knots at TC=[-15.0, -12.5, -10.5, -6.0, -1.5, 2.5, 7.0, 9.5, 11.5, 13.0, 14.0, 16.0, 18.0, 20.0]"
ev_per_tc_RAPCStrategy_8deck_50pen_H17_DAS_NoRAS_NoSurrender_3to2.csv,RAPCStrategy,8deck,Cubic Spline,0.9990746317559276,0.9989021054731344,0.0011970228595382724,257.7729390280598,282.66241767551423,"Cubic Spline with 7 knots at TC=[-15.0, 2.5, 7.0, 11.5, 14.0, 16.0, 20.0]"
ev_per_tc_RAPCStrategy_8deck_55pen_H17_DAS_NoRAS_NoSurrender_3to2.csv,RAPCStrategy,8deck,Cubic Spline,0.9991562098760539,0.9989988930732843,0.0007801982479288718,270.42933306573985,295.31881171319435,"Cubic Spline with 7 knots at TC=[-15.0, 2.5, 7.0, 11.5, 14.0, 16.0, 20.0]"
ev_per_tc_RAPCStrategy_8deck_60pen_H17_DAS_NoRAS_NoSurrender_3to2.csv,RAPCStrategy,8deck,Cubic Spline,0.9992240077481126,0.9990793312265742,0.0007265503749439395,281.3480070195481,306.2374856670026,"Cubic Spline with 7 knots at TC=[-15.0, 2.5, 7.0, 11.5, 14.0, 16.0, 20.0]"
ev_per_tc_RAPCStrategy_8deck_65pen_H17_DAS_NoRAS_NoSurrender_3to2.csv,RAPCStrategy,8deck,Cubic Spline,0.9996401783965804,0.9995420452320114,0.00035503928578308434,249.59932925740299,283.5395274130227,"Cubic Spline with 11 knots at TC=[-15.0, -6.0, -3.5, -1.5, 2.5, 7.0, 9.5, 11.5, 14.0, 16.0, 20.0]"
ev_per_tc_RAPCStrategy_8deck_70pen_H17_DAS_NoRAS_NoSurrender_3to2.csv,RAPCStrategy,8deck,Cubic Spline,0.9993276769422726,0.9992023285755777,0.0005431208228040816,299.8907807839549,324.7802594314094,"Cubic Spline with 7 knots at TC=[-15.0, 2.5, 7.0, 11.5, 14.0, 16.0, 20.0]"
ev_per_tc_RAPCStrategy_8deck_75pen_H17_DAS_NoRAS_NoSurrender_3to2.csv,RAPCStrategy,8deck,Cubic Spline,0.9996827233307453,0.9996235700534266,0.0004187945646607916,258.53709829143736,283.4265769388918,"Cubic Spline with 7 knots at TC=[-15.0, 2.5, 7.0, 11.5, 14.0, 16.0, 20.0]"
ev_per_tc_RAPCStrategy_8deck_80pen_H17_DAS_NoRAS_NoSurrender_3to2.csv,RAPCStrategy,8deck,Cubic Spline,0.9998497211374724,0.9997977015312128,0.00020458929204173056,230.14617204322434,270.87440982996804,"Cubic Spline with 14 knots at TC=[-15.0, -12.5, -10.5, -6.0, -4.5, -3.5, -1.5, 2.5, 5.0, 7.0, 11.5, 14.0, 16.0, 20.0]"
ev_per_tc_RPCStrategy_2deck_30pen_H17_DAS_NoRAS_NoSurrender_3to2.csv,RPCStrategy,2deck,Cubic Spline,0.9990552758925259,0.9988791408894374,0.004469707064283451,271.88674808269343,296.7762267301479,"Cubic Spline with 7 knots at TC=[-15.0, -6.0, 2.5, 5.0, 7.0, 11.5, 20.0]"
ev_per_tc_RPCStrategy_2deck_35pen_H17_DAS_NoRAS_NoSurrender_3to2.csv,RPCStrategy,2deck,Cubic Spline,0.9991742652802037,0.9989678316002546,0.0023210587836760615,293.9635321962801,325.6410504748585,"Cubic Spline with 10 knots at TC=[-15.0, -6.0, -1.5, 2.5, 4.0, 4.5, 5.0, 7.0, 11.5, 20.0]"
ev_per_tc_RPCStrategy_2deck_40pen_H17_DAS_NoRAS_NoSurrender_3to2.csv,RPCStrategy,2deck,Cubic Spline,0.9992667078124443,0.9991299923198492,0.0009957060951047108,300.9828781905583,325.8723568380128,"Cubic Spline with 7 knots at TC=[-15.0, -6.0, 2.5, 5.0, 7.0, 11.5, 20.0]"
ev_per_tc_RPCStrategy_2deck_45pen_H17_DAS_NoRAS_NoSurrender_3to2.csv,RPCStrategy,2deck,Cubic Spline,0.9993397264694803,0.9992166246248072,0.0011172367261684966,312.269471138958,337.15894978641245,"Cubic Spline with 7 knots at TC=[-15.0, -6.0, 2.5, 5.0, 7.0, 11.5, 20.0]"
ev_per_tc_RPCStrategy_2deck_50pen_H17_DAS_NoRAS_NoSurrender_3to2.csv,RPCStrategy,2deck,Cubic Spline,0.9996993343771082,0.9996102482666218,0.000523053239388215,283.3355789652928,319.5384569979539,"Cubic Spline with 12 knots at TC=[-15.0, -6.0, -1.5, 0.5, 2.5, 4.0, 5.0, 6.0, 7.0, 9.5, 11.5, 20.0]"
ev_per_tc_RPCStrategy_2deck_55pen_H17_DAS_NoRAS_NoSurrender_3to2.csv,RPCStrategy,2deck,Cubic Spline,0.9997278313584881,0.99965978919811,0.0004255507360868859,289.22160393408654,320.89912221266496,"Cubic Spline with 10 knots at TC=[-15.0, -6.0, -1.5, -0.5, 0.5, 2.5, 5.0, 7.0, 11.5, 20.0]"
ev_per_tc_RPCStrategy_2deck_60pen_H17_DAS_NoRAS_NoSurrender_3to2.csv,RPCStrategy,2deck,Cubic Spline,0.9997469774526478,0.9996658192770821,0.0005414745731292475,303.00214430348655,341.4677022131889,"Cubic Spline with 13 knots at TC=[-15.0, -6.0, -1.5, -1.0, -0.5, 0.5, 2.5, 4.0, 5.0, 7.0, 11.5, 16.0, 20.0]"
ev_per_tc_RPCStrategy_2deck_65pen_H17_DAS_NoRAS_NoSurrender_3to2.csv,RPCStrategy,2deck,Cubic Spline,0.9997632057290433,0.9997092000181234,0.00040148111886597953,300.6912097948499,330.106048196387,"Cubic Spline with 9 knots at TC=[-15.0, -6.0, -1.5, 0.5, 1.5, 2.5, 7.0, 11.5, 20.0]"
ev_per_tc_RPCStrategy_2deck_70pen_H17_DAS_NoRAS_NoSurrender_3to2.csv,RPCStrategy,2deck,Cubic Spline,0.9997767507169758,0.9997051424563831,0.0003985914296143336,314.4484790664372,352.9140369761395,"Cubic Spline with 13 knots at TC=[-15.0, -10.5, -6.0, -1.5, -0.5, 0.5, 1.5, 2.0, 2.5, 5.0, 7.0, 11.5, 20.0]"
ev_per_tc_RPCStrategy_2deck_75pen_H17_DAS_NoRAS_NoSurrender_3to2.csv,RPCStrategy,2deck,Cubic Spline,0.9997881603128317,0.9997352003910396,0.0004324222748796033,312.8320896202051,344.50960789878354,"Cubic Spline with 10 knots at TC=[-15.0, -6.0, -1.5, -0.5, 0.5, 1.5, 2.5, 7.0, 11.5, 20.0]"
ev_per_tc_RPCStrategy_2deck_80pen_H17_DAS_NoRAS_NoSurrender_3to2.csv,RPCStrategy,2deck,Cubic Spline,0.9995991789968872,0.9995400414718378,0.000492517413361715,356.50673047174115,376.870849365113,"Cubic Spline with 5 knots at TC=[-15.0, -6.0, 2.5, 11.5, 20.0]"
ev_per_tc_RPCStrategy_6deck_30pen_H17_DAS_NoRAS_NoSurrender_3to2.csv,RPCStrategy,6deck,Cubic Spline,0.9969894443474032,0.9962726453824993,0.006472831657387169,206.85686909552618,226.5597882310474,"Cubic Spline with 6 knots at TC=[-13.0, 0.0, 3.5, 6.5, 10.0, 13.0]"
ev_per_tc_RPCStrategy_6deck_35pen_H17_DAS_NoRAS_NoSurrender_3to2.csv,RPCStrategy,6deck,Cubic Spline,0.9985390549222013,0.9981660476682952,0.005142203766931101,210.05881457287336,235.19094931953856,"Cubic Spline with 8 knots at TC=[-15.0, 0.0, 4.0, 5.0, 6.0, 7.5, 11.0, 14.5]"
ev_per_tc_RPCStrategy_6deck_40pen_H17_DAS_NoRAS_NoSurrender_3to2.csv,RPCStrategy,6deck,Cubic Spline,0.9986252791258778,0.9983344727871213,0.007016242479176439,235.66016872119758,259.407882638154,"Cubic Spline with 7 knots at TC=[-15.0, 1.0, 5.0, 6.0, 7.0, 9.0, 16.5]"
ev_per_tc_RPCStrategy_6deck_45pen_H17_DAS_NoRAS_NoSurrender_3to2.csv,RPCStrategy,6deck,Cubic Spline,0.9987213158597766,0.9984655790317319,0.006485765898306093,260.8343878881748,285.08600670147536,"Cubic Spline with 7 knots at TC=[-15.0, 1.5, 4.0, 6.0, 8.0, 10.0, 18.0]"
ev_per_tc_RPCStrategy_6deck_50pen_H17_DAS_NoRAS_NoSurrender_3to2.csv,RPCStrategy,6deck,Cubic Spline,0.9993867867990662,0.9992334834988328,0.005691210146712394,246.5760011850858,278.25351946366425,"Cubic Spline with 10 knots at TC=[-15.0, -6.0, 2.5, 5.0, 6.0, 7.0, 8.5, 9.5, 11.5, 20.0]"
ev_per_tc_RPCStrategy_6deck_55pen_H17_DAS_NoRAS_NoSurrender_3to2.csv,RPCStrategy,6deck,Cubic Spline,0.9994424497207889,0.9993030621509861,0.002988629789160759,260.31145906275435,291.98897734133277,"Cubic Spline with 10 knots at TC=[-15.0, -6.0, 2.5, 5.0, 6.0, 7.0, 8.5, 9.5, 11.5, 20.0]"
ev_per_tc_RPCStrategy_6deck_60pen_H17_DAS_NoRAS_NoSurrender_3to2.csv,RPCStrategy,6deck,Cubic Spline,0.9994896315407549,0.9993620394259436,0.0023074116675674355,273.0847321963946,304.76225047497303,"Cubic Spline with 10 knots at TC=[-15.0, -6.0, 2.5, 5.0, 6.0, 7.0, 8.5, 9.5, 11.5, 20.0]"
ev_per_tc_RPCStrategy_6deck_65pen_H17_DAS_NoRAS_NoSurrender_3to2.csv,RPCStrategy,6deck,Cubic Spline,0.9995264799025471,0.9994381964945473,0.0016239538139899024,278.54031543267763,303.42979408013207,"Cubic Spline with 7 knots at TC=[-15.0, 2.5, 5.0, 6.0, 7.0, 11.5, 20.0]"
ev_per_tc_RPCStrategy_6deck_70pen_H17_DAS_NoRAS_NoSurrender_3to2.csv,RPCStrategy,6deck,Cubic Spline,0.9995601413967362,0.9994781338605345,0.0009561187266498957,290.8441987893642,315.73367743681865,"Cubic Spline with 7 knots at TC=[-15.0, 2.5, 5.0, 6.0, 7.0, 11.5, 20.0]"
ev_per_tc_RPCStrategy_6deck_75pen_H17_DAS_NoRAS_NoSurrender_3to2.csv,RPCStrategy,6deck,Cubic Spline,0.9995870666926301,0.9995100791268493,0.0007746281720146265,300.6433348664573,325.5328135139117,"Cubic Spline with 7 knots at TC=[-15.0, 2.5, 5.0, 6.0, 7.0, 11.5, 20.0]"
ev_per_tc_RPCStrategy_6deck_80pen_H17_DAS_NoRAS_NoSurrender_3to2.csv,RPCStrategy,6deck,Cubic Spline,0.9998058442163628,0.9997573052704535,0.0004087601622201238,268.03139553252447,299.7089138111029,"Cubic Spline with 10 knots at TC=[-15.0, -6.0, -1.5, 0.5, 2.5, 5.0, 6.0, 7.0, 11.5, 20.0]"
ev_per_tc_RPCStrategy_8deck_30pen_H17_DAS_NoRAS_NoSurrender_3to2.csv,RPCStrategy,8deck,Cubic Spline,0.9979808950288224,0.9969040390441943,0.008472898199968066,182.6044694863117,212.20683111367265,"Cubic Spline with 12 knots at TC=[-11.5, -8.5, -5.5, 0.0, 3.0, 4.5, 6.0, 6.5, 7.0, 7.5, 9.0, 11.5]"
ev_per_tc_RPCStrategy_8deck_35pen_H17_DAS_NoRAS_NoSurrender_3to2.csv,RPCStrategy,8deck,Cubic Spline,0.9980446104188313,0.9970094041699773,0.014103440084990633,217.8274905805926,253.2927450245308,"Cubic Spline with 14 knots at TC=[-13.0, -11.0, -9.5, -6.5, 0.0, 2.0, 3.5, 5.0, 6.5, 7.5, 8.5, 10.0, 11.5, 13.0]"
ev_per_tc_RPCStrategy_8deck_40pen_H17_DAS_NoRAS_NoSurrender_3to2.csv,RPCStrategy,8deck,Cubic Spline,0.9980933641534127,0.9975425582421763,0.006878291473736091,242.641455383939,269.64944215471337,"Cubic Spline with 9 knots at TC=[-14.5, 0.0, 4.0, 5.0, 6.0, 7.0, 7.5, 11.0, 14.5]"
ev_per_tc_RPCStrategy_8deck_45pen_H17_DAS_NoRAS_NoSurrender_3to2.csv,RPCStrategy,8deck,Cubic Spline,0.9990948948455508,0.9987800756613946,0.003690179496523447,234.53216839724521,268.8223240195097,"Cubic Spline with 12 knots at TC=[-15.0, -7.0, -3.0, 0.5, 4.5, 5.5, 6.5, 7.5, 8.5, 10.5, 12.5, 16.0]"
ev_per_tc_RPCStrategy_8deck_50pen_H17_DAS_NoRAS_NoSurrender_3to2.csv,RPCStrategy,8deck,Cubic Spline,0.9991413577436777,0.9989469481762085,0.004460135789495973,249.3067330839844,275.5825899883015,"Cubic Spline with 8 knots at TC=[-15.0, 1.5, 3.5, 5.5, 6.5, 7.5, 9.5, 17.5]"
ev_per_tc_RPCStrategy_8deck_55pen_H17_DAS_NoRAS_NoSurrender_3to2.csv,RPCStrategy,8deck,Cubic Spline,0.9991722761995052,0.9989801260315332,0.004642346837248545,278.69409805605346,307.92453620269515,"Cubic Spline with 9 knots at TC=[-15.0, -6.0, 2.5, 5.0, 6.0, 7.0, 9.0, 11.0, 19.5]"
ev_per_tc_RPCStrategy_8deck_60pen_H17_DAS_NoRAS_NoSurrender_3to2.csv,RPCStrategy,8deck,Cubic Spline,0.9996151402087665,0.999471761070856,0.002547089064054958,259.5154427944085,302.5063604581935,"Cubic Spline with 15 knots at TC=[-15.0, -10.5, -8.0, -6.0, -3.5, -1.5, 2.5, 5.0, 6.0, 7.0, 8.5, 9.5, 11.5, 16.0, 20.0]"
ev_per_tc_RPCStrategy_8deck_65pen_H17_DAS_NoRAS_NoSurrender_3to2.csv,RPCStrategy,8deck,Cubic Spline,0.9996446405352406,0.9995558006690508,0.001934424215301402,262.9711187317198,294.6486370102982,"Cubic Spline with 10 knots at TC=[-15.0, 2.5, 5.0, 6.0, 7.0, 8.0, 8.5, 9.5, 11.5, 20.0]"
ev_per_tc_RPCStrategy_8deck_70pen_H17_DAS_NoRAS_NoSurrender_3to2.csv,RPCStrategy,8deck,Cubic Spline,0.9996701612237243,0.9995877015296554,0.0011390634059729485,275.56697608627724,307.24449436485565,"Cubic Spline with 10 knots at TC=[-15.0, 2.5, 5.0, 6.0, 7.0, 8.0, 8.5, 9.5, 11.5, 20.0]"
ev_per_tc_RPCStrategy_8deck_75pen_H17_DAS_NoRAS_NoSurrender_3to2.csv,RPCStrategy,8deck,Cubic Spline,0.9996903080953387,0.999632568926673,0.0008414581694555728,281.684553828872,306.57403247632647,"Cubic Spline with 7 knots at TC=[-15.0, 2.5, 5.0, 6.0, 7.0, 11.5, 20.0]"
ev_per_tc_RPCStrategy_8deck_80pen_H17_DAS_NoRAS_NoSurrender_3to2.csv,RPCStrategy,8deck,Cubic Spline,0.9998546565755636,0.9998183207194545,0.00040403565024404173,250.49772304295217,282.1752413215306,"Cubic Spline with 10 knots at TC=[-15.0, -6.0, -1.5, 2.5, 5.0, 6.0, 7.0, 9.5, 11.5, 20.0]"
ev_per_tc_WongHalvesStrategy_2deck_30pen_H17_DAS_NoRAS_NoSurrender_3to2.csv,WongHalvesStrategy,2deck,Cubic Spline,0.9978139698731638,0.9960253997693888,0.003062335111912559,187.51329645948118,218.35759366015873,"Cubic Spline with 14 knots at TC=[-5.5, -3.0, -2.5, -2.0, -1.5, -0.5, 0.0, 0.5, 1.0, 1.5, 2.0, 3.5, 4.5, 14.5]"
ev_per_tc_WongHalvesStrategy_2deck_35pen_H17_DAS_NoRAS_NoSurrender_3to2.csv,WongHalvesStrategy,2deck,Cubic Spline,0.99890672681583,0.9981373864269697,0.004608011170906504,183.70174685093997,218.85455128343108,"Cubic Spline with 15 knots at TC=[-6.0, -3.0, -2.0, -1.5, -1.0, -0.5, 0.0, 0.5, 1.0, 1.5, 2.0, 2.5, 3.0, 5.5, 17.0]"
ev_per_tc_WongHalvesStrategy_2deck_40pen_H17_DAS_NoRAS_NoSurrender_3to2.csv,WongHalvesStrategy,2deck,Cubic Spline,0.9978147769488048,0.9966578941569956,0.006683351639148941,241.29474734695464,276.76000179089283,"Cubic Spline with 14 knots at TC=[-6.0, -2.5, -1.5, -1.0, -0.5, 0.0, 0.5, 1.0, 1.5, 2.0, 2.5, 4.0, 7.0, 20.0]"
ev_per_tc_WongHalvesStrategy_2deck_45pen_H17_DAS_NoRAS_NoSurrender_3to2.csv,WongHalvesStrategy,2deck,Cubic Spline,0.9980349801778328,0.9969946755660972,0.006168054235069851,245.0038163410587,280.4690707849969,"Cubic Spline with 14 knots at TC=[-6.0, -2.5, -1.5, -1.0, -0.5, 0.0, 0.5, 1.0, 1.5, 2.0, 2.5, 4.0, 7.0, 20.0]"
ev_per_tc_WongHalvesStrategy_2deck_50pen_H17_DAS_NoRAS_NoSurrender_3to2.csv,WongHalvesStrategy,2deck,Cubic Spline,0.9964310810860093,0.9945416534256613,0.0018498318217277296,284.74113537474165,320.20638981867984,"Cubic Spline with 14 knots at TC=[-6.0, -2.5, -1.5, -1.0, -0.5, 0.0, 0.5, 1.0, 1.5, 2.0, 2.5, 4.0, 7.0, 20.0]"
ev_per_tc_WongHalvesStrategy_2deck_55pen_H17_DAS_NoRAS_NoSurrender_3to2.csv,WongHalvesStrategy,2deck,Cubic Spline,0.9935435369775001,0.9901254094950002,0.003478586415071704,320.6208663836588,356.086120827597,"Cubic Spline with 14 knots at TC=[-6.0, -2.5, -1.5, -1.0, -0.5, 0.0, 0.5, 1.0, 1.5, 2.5, 4.0, 7.0, 13.5, 20.0]"
ev_per_tc_WongHalvesStrategy_2deck_60pen_H17_DAS_NoRAS_NoSurrender_3to2.csv,WongHalvesStrategy,2deck,Cubic Spline,0.9939567348957868,0.9879134697915737,0.004125372658219524,326.5382270608475,377.76581681320266,"Cubic Spline with 22 knots at TC=[-6.0, -2.5, -1.5, -1.0, -0.5, 0.0, 0.5, 1.0, 1.5, 2.5, 4.0, 7.0, 9.0, 10.5, 12.0, 12.5, 13.0, 13.5, 14.5, 15.5, 17.0, 20.0]"
ev_per_tc_WongHalvesStrategy_2deck_65pen_H17_DAS_NoRAS_NoSurrender_3to2.csv,WongHalvesStrategy,2deck,Cubic Spline,0.9883812583551941,0.9748260597695871,0.0036751764137740554,343.1005376546855,398.2687112341449,"Cubic Spline with 24 knots at TC=[-6.0, -2.5, -1.5, -1.0, -0.5, 0.0, 0.5, 1.0, 1.5, 2.5, 3.5, 4.0, 7.0, 10.5, 11.0, 11.5, 12.0, 12.5, 13.0, 13.5, 14.5, 15.5, 17.0, 20.0]"
ev_per_tc_WongHalvesStrategy_2deck_70pen_H17_DAS_NoRAS_NoSurrender_3to2.csv,WongHalvesStrategy,2deck,Cubic Spline,0.9771660638834907,0.9525054128776607,0.0018164002616385844,348.74480605345,401.9426877193573,"Cubic Spline with 23 knots at TC=[-6.0, -2.5, -1.5, -1.0, -0.5, 0.0, 0.5, 1.0, 1.5, 2.5, 3.5, 4.0, 7.0, 10.5, 11.5, 12.0, 12.5, 13.0, 13.5, 14.5, 15.5, 17.0, 20.0]"
ev_per_tc_WongHalvesStrategy_2deck_75pen_H17_DAS_NoRAS_NoSurrender_3to2.csv,WongHalvesStrategy,2deck,Cubic Spline,0.9772439688620508,0.9485515817750714,0.002797926226851887,338.6594872960542,395.79795278906573,"Cubic Spline with 25 knots at TC=[-6.0, -2.5, -1.5, -1.0, -0.5, 0.0, 0.5, 1.0, 1.5, 2.5, 3.5, 4.0, 7.0, 9.0, 10.5, 12.0, 12.5, 13.0, 13.5, 14.5, 15.5, 17.0, 18.5, 19.5, 20.0]"
ev_per_tc_WongHalvesStrategy_2deck_80pen_H17_DAS_NoRAS_NoSurrender_3to2.csv,WongHalvesStrategy,2deck,Cubic Spline,0.9772360812253102,0.9485337488572232,0.005266839487228142,335.43764504779915,392.5761105408107,"Cubic Spline with 25 knots at TC=[-6.0, -2.5, -1.5, -1.0, -0.5, 0.0, 0.5, 1.0, 1.5, 2.5, 3.5, 4.0, 7.0, 10.5, 11.5, 12.0, 12.5, 13.0, 13.5, 14.5, 15.5, 17.0, 18.5, 19.5, 20.0]"
ev_per_tc_WongHalvesStrategy_6deck_30pen_H17_DAS_NoRAS_NoSurrender_3to2.csv,WongHalvesStrategy,6deck,Cubic Spline,0.9970553946643284,0.9933077151462008,0.006286141883219239,103.83829299997602,121.45164453227676,"Cubic Spline with 10 knots at TC=[-2.0, -1.5, -1.0, -0.5, 0.0, 1.0, 1.5, 3.0, 4.5, 10.5]"
ev_per_tc_WongHalvesStrategy_6deck_35pen_H17_DAS_NoRAS_NoSurrender_3to2.csv,WongHalvesStrategy,6deck,Cubic Spline,0.9985447534841063,0.996483154253257,0.0018729110491530906,103.48584724533754,127.30620273359418,"Cubic Spline with 13 knots at TC=[-2.0, -1.5, -1.0, -0.5, 0.0, 1.0, 2.0, 5.5, 7.5, 9.0, 10.0, 11.0, 12.5]"
ev_per_tc_WongHalvesStrategy_6deck_40pen_H17_DAS_NoRAS_NoSurrender_3to2.csv,WongHalvesStrategy,6deck,Cubic Spline,0.9970015309403738,0.9936282532482943,0.004315903017926486,142.92339732628346,170.91966243309292,"Cubic Spline with 14 knots at TC=[-2.0, -0.5, 0.0, 0.5, 1.0, 1.5, 2.5, 4.5, 6.5, 11.0, 12.0, 13.0, 14.0, 15.0]"
ev_per_tc_WongHalvesStrategy_6deck_45pen_H17_DAS_NoRAS_NoSurrender_3to2.csv,WongHalvesStrategy,6deck,Cubic Spline,0.9984778199550876,0.9971730942023055,0.0022684619389939788,132.75960060424472,163.1594307782956,"Cubic Spline with 14 knots at TC=[-2.0, -0.5, 0.0, 0.5, 1.0, 1.5, 2.0, 3.0, 5.5, 8.0, 10.5, 13.0, 15.5, 17.5]"
ev_per_tc_WongHalvesStrategy_6deck_50pen_H17_DAS_NoRAS_NoSurrender_3to2.csv,WongHalvesStrategy,6deck,Cubic Spline,0.9968995682478002,0.9949474445519707,0.00468979578659712,174.92233326207753,205.63559558817298,"Cubic Spline with 13 knots at TC=[-2.0, -1.0, -0.5, 0.5, 1.0, 3.5, 5.0, 6.0, 6.5, 9.0, 14.5, 17.5, 20.0]"
ev_per_tc_WongHalvesStrategy_6deck_55pen_H17_DAS_NoRAS_NoSurrender_3to2.csv,WongHalvesStrategy,6deck,Cubic Spline,0.9943707117828536,0.9922597287014238,0.005023026976992582,195.77944454996253,217.45939442720638,"Cubic Spline with 8 knots at TC=[-2.0, -0.5, 0.5, 1.0, 3.5, 9.0, 14.5, 20.0]"
ev_per_tc_WongHalvesStrategy_6deck_60pen_H17_DAS_NoRAS_NoSurrender_3to2.csv,WongHalvesStrategy,6deck,Cubic Spline,0.9948031170400404,0.9928542859300555,0.005538341624342571,182.9685674595107,204.64851733675454,"Cubic Spline with 8 knots at TC=[-2.0, -0.5, 0.5, 1.0, 3.5, 9.0, 14.5, 20.0]"
ev_per_tc_WongHalvesStrategy_6deck_65pen_H17_DAS_NoRAS_NoSurrender_3to2.csv,WongHalvesStrategy,6deck,Cubic Spline,0.9800879899200252,0.9726209861400347,0.004773530068890142,188.31726940010267,209.99721927734652,"Cubic Spline with 8 knots at TC=[-2.0, -0.5, 0.5, 1.0, 3.5, 9.0, 14.5, 20.0]"
ev_per_tc_WongHalvesStrategy_6deck_70pen_H17_DAS_NoRAS_NoSurrender_3to2.csv,WongHalvesStrategy,6deck,Piecewise Linear,0.9447501894554569,0.9376668804112847,0.0008546559559777815,180.21958105191902,189.25289350077063,"EV = 0.012853*TC + -0.007328 for TC < -0.15
EV = 0.000151*(TC - -0.15) + -0.009287 for TC >= -0.15"
ev_per_tc_WongHalvesStrategy_6deck_75pen_H17_DAS_NoRAS_NoSurrender_3to2.csv,WongHalvesStrategy,6deck,Cubic Spline,0.9604704163362298,0.9456468224623159,0.0024363137223269724,174.5752924927925,196.25524237003634,"Cubic Spline with 8 knots at TC=[-2.0, -0.5, 0.5, 1.0, 3.5, 9.0, 14.5, 20.0]"
ev_per_tc_WongHalvesStrategy_6deck_80pen_H17_DAS_NoRAS_NoSurrender_3to2.csv,WongHalvesStrategy,6deck,Cubic Spline,0.9802365458760243,0.9652163207418027,0.0011228713057006667,157.12041690584445,191.44700421148053,"Cubic Spline with 15 knots at TC=[-2.0, -0.5, 0.0, 0.5, 1.0, 3.5, 5.0, 6.5, 9.0, 10.5, 11.5, 12.0, 14.5, 17.5, 20.0]"
ev_per_tc_WongHalvesStrategy_8deck_30pen_H17_DAS_NoRAS_NoSurrender_3to2.csv,WongHalvesStrategy,8deck,Cubic Spline,0.9989723515068842,0.9940910211645844,0.002050590661366466,82.03128900352579,104.41431178013676,"Cubic Spline with 15 knots at TC=[-1.5, -1.0, -0.5, 0.0, 1.5, 2.0, 2.5, 3.0, 4.5, 6.0, 6.5, 7.0, 7.5, 9.0, 10.0]"
ev_per_tc_WongHalvesStrategy_8deck_35pen_H17_DAS_NoRAS_NoSurrender_3to2.csv,WongHalvesStrategy,8deck,Cubic Spline,0.9989707175615398,0.9965261717701968,0.003115041130747016,91.31134252279804,116.6232282161269,"Cubic Spline with 15 knots at TC=[-1.5, -0.5, 0.5, 2.0, 3.0, 3.5, 4.0, 4.5, 5.0, 5.5, 6.0, 6.5, 7.5, 9.0, 12.0]"
ev_per_tc_WongHalvesStrategy_8deck_40pen_H17_DAS_NoRAS_NoSurrender_3to2.csv,WongHalvesStrategy,8deck,Cubic Spline,0.9979389323993405,0.9954362074556825,0.003897236750490083,119.70966586907801,144.62717621667338,"Cubic Spline with 13 knots at TC=[-1.5, -0.5, 0.5, 1.5, 2.5, 4.5, 5.5, 6.5, 7.0, 7.5, 8.5, 10.5, 14.0]"
ev_per_tc_WongHalvesStrategy_8deck_45pen_H17_DAS_NoRAS_NoSurrender_3to2.csv,WongHalvesStrategy,8deck,Cubic Spline,0.9957567899921029,0.9923622219857853,0.005204477661307735,156.22515827152358,181.9998448738312,"Cubic Spline with 12 knots at TC=[-1.5, -0.5, 0.0, 1.0, 3.0, 5.5, 7.5, 9.0, 10.0, 11.0, 12.0, 16.5]"
ev_per_tc_WongHalvesStrategy_8deck_50pen_H17_DAS_NoRAS_NoSurrender_3to2.csv,WongHalvesStrategy,8deck,Cubic Spline,0.9977710354577528,0.9959297169228529,0.0020634290821153665,152.85096564322342,186.3137678414011,"Cubic Spline with 15 knots at TC=[-1.5, -1.0, -0.5, 0.0, 1.0, 1.5, 3.0, 4.0, 6.5, 9.0, 12.0, 14.5, 17.0, 18.5, 19.5]"
ev_per_tc_WongHalvesStrategy_8deck_55pen_H17_DAS_NoRAS_NoSurrender_3to2.csv,WongHalvesStrategy,8deck,Cubic Spline,0.9979254276591857,0.9965689765132686,0.0008430899175281994,152.09585472086619,182.42707849747663,"Cubic Spline with 13 knots at TC=[-1.5, -0.5, 0.0, 1.5, 4.0, 7.0, 9.5, 12.5, 13.5, 14.0, 15.0, 17.5, 20.0]"
ev_per_tc_WongHalvesStrategy_8deck_60pen_H17_DAS_NoRAS_NoSurrender_3to2.csv,WongHalvesStrategy,8deck,Cubic Spline,0.9923596705937696,0.9894021237268418,0.004000061562940537,192.63942144905502,214.04969705607414,"Cubic Spline with 8 knots at TC=[-1.5, -0.5, 0.0, 1.5, 4.0, 9.5, 15.0, 20.0]"
ev_per_tc_WongHalvesStrategy_8deck_65pen_H17_DAS_NoRAS_NoSurrender_3to2.csv,WongHalvesStrategy,8deck,Cubic Spline,0.9853784697604415,0.975818238449961,0.0007432062512408672,163.37000664272531,193.70123041933576,"Cubic Spline with 13 knots at TC=[-1.5, -1.0, -0.5, 0.0, 1.0, 1.5, 4.0, 7.0, 9.5, 12.5, 15.0, 17.5, 20.0]"
ev_per_tc_WongHalvesStrategy_8deck_70pen_H17_DAS_NoRAS_NoSurrender_3to2.csv,WongHalvesStrategy,8deck,Piecewise Linear,0.9133185358434386,0.9019130800333647,0.0008412366800039648,178.72441190068102,187.64536007027232,"EV = 0.007126*TC + -0.009313 for TC < 0.03
EV = 0.000112*(TC - 0.03) + -0.009097 for TC >= 0.03"
ev_per_tc_WongHalvesStrategy_8deck_75pen_H17_DAS_NoRAS_NoSurrender_3to2.csv,WongHalvesStrategy,8deck,Cubic Spline,0.9418159761724086,0.9137271370832266,0.0018671583856620976,177.07500739409548,202.05366226895114,"Cubic Spline with 10 knots at TC=[-1.5, -0.5, 0.0, 1.5, 4.0, 9.5, 12.5, 15.0, 17.5, 20.0]"
ev_per_tc_WongHalvesStrategy_8deck_80pen_H17_DAS_NoRAS_NoSurrender_3to2.csv,WongHalvesStrategy,8deck,Cubic Spline,0.970914286195685,0.9499725722565782,0.0012917485489504824,157.76112334015102,189.87653675067972,"Cubic Spline with 14 knots at TC=[-1.5, -1.0, -0.5, 0.0, 1.5, 4.0, 7.0, 9.5, 12.5, 15.0, 16.5, 17.5, 19.0, 20.0]"
ev_per_tc_ZenCountStrategy_2deck_30pen_H17_DAS_NoRAS_NoSurrender_3to2.csv,ZenCountStrategy,2deck,Cubic Spline,0.9990549315700291,0.9987971856345825,0.008388217614165692,284.1656629614379,318.1058611170576,"Cubic Spline with 11 knots at TC=[-15.0, -6.0, -1.5, -0.5, 0.5, 1.5, 2.5, 5.0, 7.0, 11.5, 20.0]"
ev_per_tc_ZenCountStrategy_2deck_35pen_H17_DAS_NoRAS_NoSurrender_3to2.csv,ZenCountStrategy,2deck,Cubic Spline,0.9991750576150137,0.9990212547974738,0.002750936020399958,291.2517814015042,316.14126004895866,"Cubic Spline with 7 knots at TC=[-15.0, -6.0, -1.5, 2.5, 7.0, 11.5, 20.0]"
ev_per_tc_ZenCountStrategy_2deck_40pen_H17_DAS_NoRAS_NoSurrender_3to2.csv,ZenCountStrategy,2deck,Cubic Spline,0.9996339846802005,0.9995582573726558,0.0014047437869306027,257.32806291784306,284.48022144233886,"Cubic Spline with 8 knots at TC=[-15.0, -6.0, -1.5, 0.5, 2.5, 7.0, 11.5, 20.0]"
ev_per_tc_ZenCountStrategy_2deck_45pen_H17_DAS_NoRAS_NoSurrender_3to2.csv,ZenCountStrategy,2deck,Cubic Spline,0.9996709044434029,0.9995886305542536,0.0010821595409332642,272.3817685310473,304.05928680962575,"Cubic Spline with 10 knots at TC=[-15.0, -6.0, -1.5, -0.5, 0.5, 2.5, 5.0, 7.0, 11.5, 20.0]"
ev_per_tc_ZenCountStrategy_2deck_50pen_H17_DAS_NoRAS_NoSurrender_3to2.csv,ZenCountStrategy,2deck,Cubic Spline,0.999700456158761,0.9996446090019199,0.0010673231928152304,276.35666206983285,301.2461407172873,"Cubic Spline with 7 knots at TC=[-15.0, -6.0, -1.5, 2.5, 7.0, 11.5, 20.0]"
ev_per_tc_ZenCountStrategy_2deck_55pen_H17_DAS_NoRAS_NoSurrender_3to2.csv,ZenCountStrategy,2deck,Cubic Spline,0.9997292203282676,0.9996674635610304,0.0005321109653264178,291.1658548803873,320.5806932819244,"Cubic Spline with 9 knots at TC=[-15.0, -6.0, -1.5, 0.5, 2.5, 5.0, 7.0, 11.5, 20.0]"
ev_per_tc_ZenCountStrategy_2deck_60pen_H17_DAS_NoRAS_NoSurrender_3to2.csv,ZenCountStrategy,2deck,Cubic Spline,0.9997487504595858,0.9996551476896275,0.0005959875217125884,311.01075258797016,354.0016702517552,"Cubic Spline with 15 knots at TC=[-15.0, -10.5, -8.0, -6.0, -1.5, -1.0, -0.5, 0.5, 2.5, 4.0, 5.0, 7.0, 11.5, 16.0, 20.0]"
ev_per_tc_ZenCountStrategy_2deck_65pen_H17_DAS_NoRAS_NoSurrender_3to2.csv,ZenCountStrategy,2deck,Cubic Spline,0.9997651857999167,0.9997064822498959,0.00044417158436505747,307.923282845562,339.60080112414045,"Cubic Spline with 10 knots at TC=[-15.0, -6.0, -1.5, -0.5, 0.5, 1.5, 2.5, 7.0, 11.5, 20.0]"
ev_per_tc_ZenCountStrategy_2deck_70pen_H17_DAS_NoRAS_NoSurrender_3to2.csv,ZenCountStrategy,2deck,Cubic Spline,0.9997792024344891,0.9997240030431114,0.00038132798124122493,313.78550692217044,345.46302520074886,"Cubic Spline with 10 knots at TC=[-15.0, -6.0, -1.5, -0.5, 0.5, 1.5, 2.5, 7.0, 11.5, 20.0]"
ev_per_tc_ZenCountStrategy_2deck_75pen_H17_DAS_NoRAS_NoSurrender_3to2.csv,ZenCountStrategy,2deck,Cubic Spline,0.9997907285982697,0.9997384107478371,0.00036935698915600303,318.6118193489443,350.28933762752274,"Cubic Spline with 10 knots at TC=[-15.0, -6.0, -1.5, -0.5, 0.5, 1.5, 2.5, 7.0, 11.5, 20.0]"
ev_per_tc_ZenCountStrategy_2deck_80pen_H17_DAS_NoRAS_NoSurrender_3to2.csv,ZenCountStrategy,2deck,Cubic Spline,0.9998023315171755,0.9997339078115823,0.0003970212981597532,332.3928807266276,373.12111851337124,"Cubic Spline with 14 knots at TC=[-15.0, -10.5, -8.0, -6.0, -3.5, -1.5, -0.5, 0.0, 0.5, 1.5, 2.5, 7.0, 11.5, 20.0]"
ev_per_tc_ZenCountStrategy_6deck_30pen_H17_DAS_NoRAS_NoSurrender_3to2.csv,ZenCountStrategy,6deck,Cubic Spline,0.9972158195811995,0.996181695425645,0.006004855844147301,202.23337210832608,226.82703598376423,"Cubic Spline with 9 knots at TC=[-12.0, -6.0, 0.0, 3.0, 4.0, 4.5, 6.0, 9.0, 12.0]"
ev_per_tc_ZenCountStrategy_6deck_35pen_H17_DAS_NoRAS_NoSurrender_3to2.csv,ZenCountStrategy,6deck,Cubic Spline,0.9986604232994951,0.9982776870993508,0.008616608915817133,199.28693364629348,223.37493186908313,"Cubic Spline with 8 knots at TC=[-13.5, -6.5, 0.0, 3.5, 4.5, 5.5, 7.0, 13.5]"
ev_per_tc_ZenCountStrategy_6deck_40pen_H17_DAS_NoRAS_NoSurrender_3to2.csv,ZenCountStrategy,6deck,Cubic Spline,0.9986891484512199,0.9983614355640249,0.008744882507552204,232.3076164790599,257.6381028491396,"Cubic Spline with 8 knots at TC=[-15.0, 0.0, 2.0, 4.0, 5.0, 6.0, 7.5, 15.0]"
ev_per_tc_ZenCountStrategy_6deck_45pen_H17_DAS_NoRAS_NoSurrender_3to2.csv,ZenCountStrategy,6deck,Cubic Spline,0.9993891102388964,0.9991811477670314,0.0032450743194262443,219.7298107100954,254.27194004385012,"Cubic Spline with 12 knots at TC=[-15.0, -11.0, -9.0, -7.0, 1.0, 3.0, 5.0, 6.0, 7.0, 9.0, 13.0, 16.5]"
ev_per_tc_ZenCountStrategy_6deck_50pen_H17_DAS_NoRAS_NoSurrender_3to2.csv,ZenCountStrategy,6deck,Cubic Spline,0.9994212657526631,0.9992204804015462,0.0029735306924461883,243.4901335433317,280.9699080729781,"Cubic Spline with 13 knots at TC=[-15.0, -10.5, -6.5, -2.5, 1.5, 4.0, 5.0, 5.5, 6.0, 8.0, 10.0, 14.0, 18.0]"
ev_per_tc_ZenCountStrategy_6deck_55pen_H17_DAS_NoRAS_NoSurrender_3to2.csv,ZenCountStrategy,6deck,Cubic Spline,0.9994433775419103,0.9993282142747193,0.007972158634829888,260.30902693208145,287.46118545657725,"Cubic Spline with 8 knots at TC=[-15.0, -6.0, 2.5, 5.0, 6.0, 7.0, 11.5, 20.0]"
ev_per_tc_ZenCountStrategy_6deck_60pen_H17_DAS_NoRAS_NoSurrender_3to2.csv,ZenCountStrategy,6deck,Cubic Spline,0.9997448117122922,0.9996629588652917,0.0017443264026874461,234.34249164670032,272.8080495564027,"Cubic Spline with 13 knots at TC=[-15.0, -10.5, -6.0, -1.5, 0.5, 2.5, 3.5, 4.0, 5.0, 6.0, 7.0, 11.5, 20.0]"
ev_per_tc_ZenCountStrategy_6deck_65pen_H17_DAS_NoRAS_NoSurrender_3to2.csv,ZenCountStrategy,6deck,Cubic Spline,0.9995268872689743,0.9994386798106475,0.0018325017456794989,283.09622571382073,307.9857043612752,"Cubic Spline with 7 knots at TC=[-15.0, 2.5, 5.0, 6.0, 7.0, 11.5, 20.0]"
ev_per_tc_ZenCountStrategy_6deck_70pen_H17_DAS_NoRAS_NoSurrender_3to2.csv,ZenCountStrategy,6deck,Cubic Spline,0.9997803078939552,0.999725384867444,0.0008731124744100433,251.60037164905856,283.277889927637,"Cubic Spline with 10 knots at TC=[-15.0, -6.0, -1.5, 2.5, 4.0, 5.0, 6.0, 7.0, 11.5, 20.0]"
ev_per_tc_ZenCountStrategy_6deck_75pen_H17_DAS_NoRAS_NoSurrender_3to2.csv,ZenCountStrategy,6deck,Cubic Spline,0.999794023038539,0.999727954956561,0.0008146514960415379,268.0549859140907,306.5205438237931,"Cubic Spline with 13 knots at TC=[-15.0, -6.0, -1.5, -0.5, 0.5, 1.5, 2.5, 5.0, 6.0, 7.0, 11.5, 16.0, 20.0]"
ev_per_tc_ZenCountStrategy_6deck_80pen_H17_DAS_NoRAS_NoSurrender_3to2.csv,ZenCountStrategy,6deck,Cubic Spline,0.9998065065852186,0.9997581332315233,0.0005741870399840501,272.9329075657081,304.6104258442865,"Cubic Spline with 10 knots at TC=[-15.0, -10.5, -6.0, -1.5, 2.5, 5.0, 6.0, 7.0, 11.5, 20.0]"
ev_per_tc_ZenCountStrategy_8deck_30pen_H17_DAS_NoRAS_NoSurrender_3to2.csv,ZenCountStrategy,8deck,Cubic Spline,0.9990544890251404,0.9983737211232414,0.00591261831108558,147.13167615045575,179.24708956098445,"Cubic Spline with 14 knots at TC=[-11.0, -8.0, -5.5, -2.5, -1.0, 0.0, 3.0, 4.5, 5.0, 5.5, 6.5, 7.0, 8.0, 10.5]"
ev_per_tc_ZenCountStrategy_8deck_35pen_H17_DAS_NoRAS_NoSurrender_3to2.csv,ZenCountStrategy,8deck,Cubic Spline,0.9981927589933476,0.9975214980480196,0.008926480861548952,197.8754053845927,222.46906926003086,"Cubic Spline with 9 knots at TC=[-12.0, -6.0, 0.0, 3.0, 4.0, 4.5, 5.5, 6.0, 12.0]"
ev_per_tc_ZenCountStrategy_8deck_40pen_H17_DAS_NoRAS_NoSurrender_3to2.csv,ZenCountStrategy,8deck,Cubic Spline,0.9991119055378349,0.9986678583067523,0.007690664099677385,203.7658648453334,239.89786217951786,"Cubic Spline with 14 knots at TC=[-13.5, -10.0, -6.5, -3.0, 0.0, 2.0, 3.5, 4.5, 5.5, 6.5, 7.0, 9.0, 10.5, 13.5]"
ev_per_tc_ZenCountStrategy_8deck_45pen_H17_DAS_NoRAS_NoSurrender_3to2.csv,ZenCountStrategy,8deck,Cubic Spline,0.9991374503508592,0.9988165016442022,0.00596657994598615,228.39176324465177,261.9012762402054,"Cubic Spline with 12 knots at TC=[-15.0, -11.0, -7.5, -3.5, 0.0, 2.0, 4.0, 5.0, 6.0, 7.5, 11.0, 14.5]"
ev_per_tc_ZenCountStrategy_8deck_50pen_H17_DAS_NoRAS_NoSurrender_3to2.csv,ZenCountStrategy,8deck,Cubic Spline,0.9991806094791856,0.9989191018661597,0.0037657663639629434,249.25989516435516,281.4069160602281,"Cubic Spline with 11 knots at TC=[-15.0, -7.0, -3.0, 0.5, 2.5, 3.5, 4.5, 5.5, 6.5, 8.5, 16.0]"
ev_per_tc_ZenCountStrategy_8deck_55pen_H17_DAS_NoRAS_NoSurrender_3to2.csv,ZenCountStrategy,8deck,Cubic Spline,0.9996039419765923,0.9994772034091018,0.008437991168252428,231.80363063042876,267.0787125406842,"Cubic Spline with 12 knots at TC=[-15.0, -6.5, -2.5, 1.5, 3.0, 4.0, 5.0, 6.0, 8.0, 10.0, 14.0, 18.0]"
ev_per_tc_ZenCountStrategy_8deck_60pen_H17_DAS_NoRAS_NoSurrender_3to2.csv,ZenCountStrategy,8deck,Cubic Spline,0.999620613778381,0.9995325419769336,0.0066216541829654035,248.55220631840595,277.7826444650476,"Cubic Spline with 9 knots at TC=[-15.0, 2.5, 3.5, 4.0, 5.0, 6.0, 7.0, 11.0, 19.5]"
ev_per_tc_ZenCountStrategy_8deck_65pen_H17_DAS_NoRAS_NoSurrender_3to2.csv,ZenCountStrategy,8deck,Cubic Spline,0.9992894632572652,0.9991424556553201,0.0020635518435997086,312.9196824952685,340.0718410197643,"Cubic Spline with 8 knots at TC=[-15.0, 2.5, 4.0, 5.0, 6.0, 7.0, 11.5, 20.0]"
ev_per_tc_ZenCountStrategy_8deck_70pen_H17_DAS_NoRAS_NoSurrender_3to2.csv,ZenCountStrategy,8deck,Cubic Spline,0.9996701135173057,0.9996018611415759,0.0013592950377951394,276.04095532923895,303.19311385373476,"Cubic Spline with 8 knots at TC=[-15.0, 2.5, 4.0, 5.0, 6.0, 7.0, 11.5, 20.0]"
ev_per_tc_ZenCountStrategy_8deck_75pen_H17_DAS_NoRAS_NoSurrender_3to2.csv,ZenCountStrategy,8deck,Cubic Spline,0.9996908531749481,0.9996268917628685,0.0009771143769910719,288.12293032512565,315.27508884962145,"Cubic Spline with 8 knots at TC=[-15.0, 2.5, 4.0, 5.0, 6.0, 7.0, 11.5, 20.0]"
ev_per_tc_ZenCountStrategy_8deck_80pen_H17_DAS_NoRAS_NoSurrender_3to2.csv,ZenCountStrategy,8deck,Cubic Spline,0.9998549104015851,0.9998153405111083,0.0005212779970248081,256.8740670830798,290.81426523869953,"Cubic Spline with 11 knots at TC=[-15.0, -6.0, -1.5, 0.5, 2.5, 4.0, 5.0, 6.0, 7.0, 11.5, 20.0]"
